mi_quality,transcript_id,video_title,video_url,topic,utterance_id,interlocutor,timestamp,utterance_text,annotator_id,therapist_input_exists,therapist_input_subtype,reflection_exists,reflection_subtype,question_exists,question_subtype,main_therapist_behaviour,client_talk_type,Co_cat5
high,36,Psychiatric Interviews for Teaching: Somatisation,https://www.youtube.com/watch?v=4-bH55MCa1U,changing approach to disease,0,therapist,0:00:11,Barbara Roberts?,3,FALSE,,FALSE,,TRUE,open,question,,other
high,36,Psychiatric Interviews for Teaching: Somatisation,https://www.youtube.com/watch?v=4-bH55MCa1U,changing approach to disease,1,client,0:00:12,Yes. Morning.,3,,,,,,,,neutral,
high,36,Psychiatric Interviews for Teaching: Somatisation,https://www.youtube.com/watch?v=4-bH55MCa1U,changing approach to disease,2,therapist,0:00:13,"Hello, there.",3,FALSE,,FALSE,,FALSE,,other,,other
high,36,Psychiatric Interviews for Teaching: Somatisation,https://www.youtube.com/watch?v=4-bH55MCa1U,changing approach to disease,3,client,0:00:14,Hello.,3,,,,,,,,neutral,
high,36,Psychiatric Interviews for Teaching: Somatisation,https://www.youtube.com/watch?v=4-bH55MCa1U,changing approach to disease,4,therapist,0:00:14,"My name's Dr. Betty. I'm one of the new GPs in the practice. First of all, what would you like me to call you?",3,FALSE,,FALSE,,TRUE,open,question,,q
high,36,Psychiatric Interviews for Teaching: Somatisation,https://www.youtube.com/watch?v=4-bH55MCa1U,changing approach to disease,5,client,0:00:19,"Well, you can call me Barbara. That'll be fine. Thank you.",3,,,,,,,,neutral,
high,36,Psychiatric Interviews for Teaching: Somatisation,https://www.youtube.com/watch?v=4-bH55MCa1U,changing approach to disease,6,therapist,0:00:21,"Okay, that's fine. Okay. So, Barbara, I'm seeing you today, um, but I think it's usually Dr. Brown that sees you, is that right?",3,FALSE,,FALSE,,TRUE,open,question,,other
high,36,Psychiatric Interviews for Teaching: Somatisation,https://www.youtube.com/watch?v=4-bH55MCa1U,changing approach to disease,7,client,0:00:28,"Yes, Dr. Brown is my doctor.",3,,,,,,,,neutral,
high,36,Psychiatric Interviews for Teaching: Somatisation,https://www.youtube.com/watch?v=4-bH55MCa1U,changing approach to disease,8,therapist,0:00:30,Okay. What is it that's brought you to see me today?,3,FALSE,,FALSE,,TRUE,open,question,,q
high,36,Psychiatric Interviews for Teaching: Somatisation,https://www.youtube.com/watch?v=4-bH55MCa1U,changing approach to disease,9,client,0:00:33,"Well, I've come about my tummy problem. I've got terrible trouble with my stomach and, uh, Dr. Brown just doesn't seem to be able to get to the bottom of it. And I thought perhaps, uh, I'd come and see you to see if you could help.",3,,,,,,,,neutral,
high,36,Psychiatric Interviews for Teaching: Somatisation,https://www.youtube.com/watch?v=4-bH55MCa1U,changing approach to disease,10,therapist,0:00:47,All right. Okay. Can you tell me a bit more about your tummy problems?,3,FALSE,,FALSE,,TRUE,open,question,,q
high,36,Psychiatric Interviews for Teaching: Somatisation,https://www.youtube.com/watch?v=4-bH55MCa1U,changing approach to disease,11,client,0:00:51,"Um, well, I-I have this terrible discomfort nearly all the time. Um, it very often feels bloated. I, um, uh, I swing between being constipated and having diarrhea. Um, I have sort of cramping feelings sometimes, and other times it stabs. It's a real stabbing feeling. Um, I often have the urge to go to the toilet and, um, and I pass very smelly wind.",3,,,,,,,,neutral,
high,36,Psychiatric Interviews for Teaching: Somatisation,https://www.youtube.com/watch?v=4-bH55MCa1U,changing approach to disease,12,therapist,0:01:25,"All right. So, quite a few symptoms there-",3,FALSE,,TRUE,simple,FALSE,,reflection,,ref
high,36,Psychiatric Interviews for Teaching: Somatisation,https://www.youtube.com/watch?v=4-bH55MCa1U,changing approach to disease,13,client,0:01:27,Mm.,3,,,,,,,,neutral,
high,36,Psychiatric Interviews for Teaching: Somatisation,https://www.youtube.com/watch?v=4-bH55MCa1U,changing approach to disease,14,therapist,0:01:27,- and some of them sound-,3,FALSE,,FALSE,,FALSE,,other,,ref
high,36,Psychiatric Interviews for Teaching: Somatisation,https://www.youtube.com/watch?v=4-bH55MCa1U,changing approach to disease,15,client,0:01:28,Yes.,3,,,,,,,,neutral,
high,36,Psychiatric Interviews for Teaching: Somatisation,https://www.youtube.com/watch?v=4-bH55MCa1U,changing approach to disease,16,therapist,0:01:28,#NAME?,3,FALSE,,TRUE,simple,FALSE,,reflection,,ref
high,36,Psychiatric Interviews for Teaching: Somatisation,https://www.youtube.com/watch?v=4-bH55MCa1U,changing approach to disease,17,client,0:01:30,Yes.,3,,,,,,,,neutral,
high,36,Psychiatric Interviews for Teaching: Somatisation,https://www.youtube.com/watch?v=4-bH55MCa1U,changing approach to disease,18,therapist,0:01:30,Okay. And how long has this been going on?,3,FALSE,,FALSE,,TRUE,open,question,,q
high,36,Psychiatric Interviews for Teaching: Somatisation,https://www.youtube.com/watch?v=4-bH55MCa1U,changing approach to disease,19,client,0:01:34,"Well, I, uh, I've traced it back to a holiday I had in Egypt about four years ago. I had, um, a horrible bout of sickness and diarrhea, and, uh, and I don't think my stomach's ever been really right since then.",3,,,,,,,,neutral,
high,36,Psychiatric Interviews for Teaching: Somatisation,https://www.youtube.com/watch?v=4-bH55MCa1U,changing approach to disease,20,therapist,0:01:50,Mm-hmm. Okay. Okay. So you think it began about four years ago after this holiday?,3,FALSE,,TRUE,simple,TRUE,open,reflection,,q
high,36,Psychiatric Interviews for Teaching: Somatisation,https://www.youtube.com/watch?v=4-bH55MCa1U,changing approach to disease,21,client,0:01:54,Yes. Yes.,3,,,,,,,,neutral,
high,36,Psychiatric Interviews for Teaching: Somatisation,https://www.youtube.com/watch?v=4-bH55MCa1U,changing approach to disease,22,therapist,0:01:55,Okay. And what's- what sorts of treatments have you tried for-for this before?,3,FALSE,,FALSE,,TRUE,open,question,,q
high,36,Psychiatric Interviews for Teaching: Somatisation,https://www.youtube.com/watch?v=4-bH55MCa1U,changing approach to disease,23,client,0:02:06,"Well, uh, Dr. Brown gave me some muscle relaxants at the beginning.",3,,,,,,,,neutral,
high,36,Psychiatric Interviews for Teaching: Somatisation,https://www.youtube.com/watch?v=4-bH55MCa1U,changing approach to disease,24,therapist,0:02:10,Mm-hmm.,3,FALSE,,FALSE,,FALSE,,other,,other
high,36,Psychiatric Interviews for Teaching: Somatisation,https://www.youtube.com/watch?v=4-bH55MCa1U,changing approach to disease,25,client,0:02:10,"Um, but I've been to the health shop and-and they've been really helpful. They've given me lots of different, um, tablets and medicines-",3,,,,,,,,neutral,
high,36,Psychiatric Interviews for Teaching: Somatisation,https://www.youtube.com/watch?v=4-bH55MCa1U,changing approach to disease,26,therapist,0:02:20,Right.,3,FALSE,,FALSE,,FALSE,,other,,other
high,36,Psychiatric Interviews for Teaching: Somatisation,https://www.youtube.com/watch?v=4-bH55MCa1U,changing approach to disease,27,client,0:02:21,#NAME?,3,,,,,,,,neutral,
high,36,Psychiatric Interviews for Teaching: Somatisation,https://www.youtube.com/watch?v=4-bH55MCa1U,changing approach to disease,28,therapist,0:02:26,Right.,3,FALSE,,FALSE,,FALSE,,other,,other
high,36,Psychiatric Interviews for Teaching: Somatisation,https://www.youtube.com/watch?v=4-bH55MCa1U,changing approach to disease,29,client,0:02:26,"I have Immodium in my handbag all the time, just in case. Yeah.",3,,,,,,,,neutral,
high,36,Psychiatric Interviews for Teaching: Somatisation,https://www.youtube.com/watch?v=4-bH55MCa1U,changing approach to disease,30,therapist,0:02:29,"Right. So, these different tablets that you've got from the-",3,FALSE,,FALSE,,FALSE,,other,,q
high,36,Psychiatric Interviews for Teaching: Somatisation,https://www.youtube.com/watch?v=4-bH55MCa1U,changing approach to disease,31,client,0:02:32,Hmm.,3,,,,,,,,neutral,
high,36,Psychiatric Interviews for Teaching: Somatisation,https://www.youtube.com/watch?v=4-bH55MCa1U,changing approach to disease,32,therapist,0:02:32,- the herbal shop-,3,FALSE,,FALSE,,FALSE,,other,,q
high,36,Psychiatric Interviews for Teaching: Somatisation,https://www.youtube.com/watch?v=4-bH55MCa1U,changing approach to disease,33,client,0:02:33,Hmm.,3,,,,,,,,neutral,
high,36,Psychiatric Interviews for Teaching: Somatisation,https://www.youtube.com/watch?v=4-bH55MCa1U,changing approach to disease,34,therapist,0:02:34,#NAME?,3,FALSE,,FALSE,,TRUE,open,question,,q
high,36,Psychiatric Interviews for Teaching: Somatisation,https://www.youtube.com/watch?v=4-bH55MCa1U,changing approach to disease,35,client,0:02:37,"Oh, well, different tablets, you know, I don't have the same problem every day-",3,,,,,,,,neutral,
high,36,Psychiatric Interviews for Teaching: Somatisation,https://www.youtube.com/watch?v=4-bH55MCa1U,changing approach to disease,36,therapist,0:02:41,Right.,3,FALSE,,FALSE,,FALSE,,other,,other
high,36,Psychiatric Interviews for Teaching: Somatisation,https://www.youtube.com/watch?v=4-bH55MCa1U,changing approach to disease,37,client,0:02:41,"- so I'll take some tablets for certain, uh, symptoms, and-",3,,,,,,,,neutral,
high,36,Psychiatric Interviews for Teaching: Somatisation,https://www.youtube.com/watch?v=4-bH55MCa1U,changing approach to disease,38,therapist,0:02:45,Right.,3,FALSE,,FALSE,,FALSE,,other,,other
high,36,Psychiatric Interviews for Teaching: Somatisation,https://www.youtube.com/watch?v=4-bH55MCa1U,changing approach to disease,39,client,0:02:46,#NAME?,3,,,,,,,,neutral,
high,36,Psychiatric Interviews for Teaching: Somatisation,https://www.youtube.com/watch?v=4-bH55MCa1U,changing approach to disease,40,therapist,0:02:48,"So, am I- am I right in thinking you perhaps decide on a day-to-day basis-",3,FALSE,,TRUE,simple,FALSE,,reflection,,q
high,36,Psychiatric Interviews for Teaching: Somatisation,https://www.youtube.com/watch?v=4-bH55MCa1U,changing approach to disease,41,client,0:02:51,Hmm.,3,,,,,,,,neutral,
high,36,Psychiatric Interviews for Teaching: Somatisation,https://www.youtube.com/watch?v=4-bH55MCa1U,changing approach to disease,42,therapist,0:02:52,- what you're gonna take-,3,FALSE,,FALSE,,FALSE,,other,,q
high,36,Psychiatric Interviews for Teaching: Somatisation,https://www.youtube.com/watch?v=4-bH55MCa1U,changing approach to disease,43,client,0:02:52,Hmm.,3,,,,,,,,neutral,
high,36,Psychiatric Interviews for Teaching: Somatisation,https://www.youtube.com/watch?v=4-bH55MCa1U,changing approach to disease,44,therapist,0:02:52,- depending on what your stomach's doing?,3,FALSE,,FALSE,,TRUE,open,question,,q
high,36,Psychiatric Interviews for Teaching: Somatisation,https://www.youtube.com/watch?v=4-bH55MCa1U,changing approach to disease,45,client,0:02:54,Yeah.,3,,,,,,,,neutral,
high,36,Psychiatric Interviews for Teaching: Somatisation,https://www.youtube.com/watch?v=4-bH55MCa1U,changing approach to disease,46,therapist,0:02:54,Okay. Okay. And what about tests? Have you had any tests for these problems?,3,FALSE,,FALSE,,TRUE,open,question,,q
high,36,Psychiatric Interviews for Teaching: Somatisation,https://www.youtube.com/watch?v=4-bH55MCa1U,changing approach to disease,47,client,0:03:03,"Yes, uh, I had, uh, in the early days, I had a gastros-gas-- What are they called?",3,,,,,,,,neutral,
high,36,Psychiatric Interviews for Teaching: Somatisation,https://www.youtube.com/watch?v=4-bH55MCa1U,changing approach to disease,48,therapist,0:03:09,A gastroscopy.,3,FALSE,,FALSE,,FALSE,,other,,ref
high,36,Psychiatric Interviews for Teaching: Somatisation,https://www.youtube.com/watch?v=4-bH55MCa1U,changing approach to disease,49,client,0:03:10,That's it. Yes.,3,,,,,,,,neutral,
high,36,Psychiatric Interviews for Teaching: Somatisation,https://www.youtube.com/watch?v=4-bH55MCa1U,changing approach to disease,50,therapist,0:03:10,You got the tube down-down from the top?,3,FALSE,,FALSE,,TRUE,open,question,,q
high,36,Psychiatric Interviews for Teaching: Somatisation,https://www.youtube.com/watch?v=4-bH55MCa1U,changing approach to disease,51,client,0:03:11,Yes. Yeah.,3,,,,,,,,neutral,
high,36,Psychiatric Interviews for Teaching: Somatisation,https://www.youtube.com/watch?v=4-bH55MCa1U,changing approach to disease,52,therapist,0:03:12,Okay.,3,FALSE,,FALSE,,FALSE,,other,,other
high,36,Psychiatric Interviews for Teaching: Somatisation,https://www.youtube.com/watch?v=4-bH55MCa1U,changing approach to disease,53,client,0:03:13,"Um, and at the same time I had a barium enema.",3,,,,,,,,neutral,
high,36,Psychiatric Interviews for Teaching: Somatisation,https://www.youtube.com/watch?v=4-bH55MCa1U,changing approach to disease,54,therapist,0:03:16,Right.,3,FALSE,,FALSE,,FALSE,,other,,other
high,36,Psychiatric Interviews for Teaching: Somatisation,https://www.youtube.com/watch?v=4-bH55MCa1U,changing approach to disease,55,client,0:03:16,That was very uncomfortable.,3,,,,,,,,neutral,
high,36,Psychiatric Interviews for Teaching: Somatisation,https://www.youtube.com/watch?v=4-bH55MCa1U,changing approach to disease,56,therapist,0:03:19,Okay.,3,FALSE,,FALSE,,FALSE,,other,,other
high,36,Psychiatric Interviews for Teaching: Somatisation,https://www.youtube.com/watch?v=4-bH55MCa1U,changing approach to disease,57,client,0:03:20,"Um, but, um, no, I've tried-- Well, you-- I don't think he's tried enough tests because he said after that, that they didn't find anything-",3,,,,,,,,neutral,
high,36,Psychiatric Interviews for Teaching: Somatisation,https://www.youtube.com/watch?v=4-bH55MCa1U,changing approach to disease,58,therapist,0:03:31,Right.,3,FALSE,,FALSE,,FALSE,,other,,other
high,36,Psychiatric Interviews for Teaching: Somatisation,https://www.youtube.com/watch?v=4-bH55MCa1U,changing approach to disease,59,client,0:03:31,-and he-he's-he's just not sent me for anymore. That's it now-,3,,,,,,,,neutral,
high,36,Psychiatric Interviews for Teaching: Somatisation,https://www.youtube.com/watch?v=4-bH55MCa1U,changing approach to disease,60,therapist,0:03:34,Right.,3,FALSE,,FALSE,,FALSE,,other,,other
high,36,Psychiatric Interviews for Teaching: Somatisation,https://www.youtube.com/watch?v=4-bH55MCa1U,changing approach to disease,61,client,0:03:34,- as far as he's concerned. Sent me back to the doctor.,3,,,,,,,,neutral,
high,36,Psychiatric Interviews for Teaching: Somatisation,https://www.youtube.com/watch?v=4-bH55MCa1U,changing approach to disease,62,therapist,0:03:38,Right. It sounds as though you're-you're not happy with that.,3,FALSE,,TRUE,simple,FALSE,,reflection,,ref
high,36,Psychiatric Interviews for Teaching: Somatisation,https://www.youtube.com/watch?v=4-bH55MCa1U,changing approach to disease,63,client,0:03:42,"Well, you know, I think that actually, the NHS are running out of money, aren't they? And he's-",3,,,,,,,,neutral,
high,36,Psychiatric Interviews for Teaching: Somatisation,https://www.youtube.com/watch?v=4-bH55MCa1U,changing approach to disease,64,therapist,0:03:48,Right.,3,FALSE,,FALSE,,FALSE,,other,,other
high,36,Psychiatric Interviews for Teaching: Somatisation,https://www.youtube.com/watch?v=4-bH55MCa1U,changing approach to disease,65,client,0:03:48,- decided that I've had enough tests.,3,,,,,,,,neutral,
high,36,Psychiatric Interviews for Teaching: Somatisation,https://www.youtube.com/watch?v=4-bH55MCa1U,changing approach to disease,66,therapist,0:03:51,Right.,3,FALSE,,FALSE,,FALSE,,other,,other
high,36,Psychiatric Interviews for Teaching: Somatisation,https://www.youtube.com/watch?v=4-bH55MCa1U,changing approach to disease,67,client,0:03:51,"And, um, you know, if you go on the Internet-",3,,,,,,,,neutral,
high,36,Psychiatric Interviews for Teaching: Somatisation,https://www.youtube.com/watch?v=4-bH55MCa1U,changing approach to disease,68,therapist,0:03:54,Mm-hmm.,3,FALSE,,FALSE,,FALSE,,other,,other
high,36,Psychiatric Interviews for Teaching: Somatisation,https://www.youtube.com/watch?v=4-bH55MCa1U,changing approach to disease,69,client,0:03:54,- there's loads of tests that he could have sent me for.,3,,,,,,,,neutral,
high,36,Psychiatric Interviews for Teaching: Somatisation,https://www.youtube.com/watch?v=4-bH55MCa1U,changing approach to disease,70,therapist,0:03:57,Right.,3,FALSE,,FALSE,,FALSE,,other,,other
high,36,Psychiatric Interviews for Teaching: Somatisation,https://www.youtube.com/watch?v=4-bH55MCa1U,changing approach to disease,71,client,0:03:57,"Um, if I had a bit more money, I'd go private.",3,,,,,,,,neutral,
high,36,Psychiatric Interviews for Teaching: Somatisation,https://www.youtube.com/watch?v=4-bH55MCa1U,changing approach to disease,72,therapist,0:04:00,Right.,3,FALSE,,FALSE,,FALSE,,other,,other
high,36,Psychiatric Interviews for Teaching: Somatisation,https://www.youtube.com/watch?v=4-bH55MCa1U,changing approach to disease,73,client,0:04:01,I just don't think he's got to the bottom of it.,3,,,,,,,,neutral,
high,36,Psychiatric Interviews for Teaching: Somatisation,https://www.youtube.com/watch?v=4-bH55MCa1U,changing approach to disease,74,therapist,0:04:03,"Right. So you feel as though actually, enough hasn't been done in the way of-of tests?",3,FALSE,,TRUE,simple,TRUE,open,reflection,,ref
high,36,Psychiatric Interviews for Teaching: Somatisation,https://www.youtube.com/watch?v=4-bH55MCa1U,changing approach to disease,75,client,0:04:06,"No, he's not. There's loads more he could do. I'm sure.",3,,,,,,,,neutral,
high,36,Psychiatric Interviews for Teaching: Somatisation,https://www.youtube.com/watch?v=4-bH55MCa1U,changing approach to disease,76,therapist,0:04:10,Right. Okay. It sounds like you-you've had these problems now for about four years.,3,FALSE,,TRUE,simple,FALSE,,reflection,,ref
high,36,Psychiatric Interviews for Teaching: Somatisation,https://www.youtube.com/watch?v=4-bH55MCa1U,changing approach to disease,77,client,0:04:17,Mm.,3,,,,,,,,neutral,
high,36,Psychiatric Interviews for Teaching: Somatisation,https://www.youtube.com/watch?v=4-bH55MCa1U,changing approach to disease,78,therapist,0:04:17,You've-you've got a lot of various symptoms in your stomach.,3,FALSE,,TRUE,simple,FALSE,,reflection,,ref
high,36,Psychiatric Interviews for Teaching: Somatisation,https://www.youtube.com/watch?v=4-bH55MCa1U,changing approach to disease,79,client,0:04:20,Mm.,3,,,,,,,,neutral,
high,36,Psychiatric Interviews for Teaching: Somatisation,https://www.youtube.com/watch?v=4-bH55MCa1U,changing approach to disease,80,therapist,0:04:20,"Um, you've tried a lot of tablets. Some prescribed, some herbal remedies-",3,FALSE,,TRUE,simple,FALSE,,reflection,,ref
high,36,Psychiatric Interviews for Teaching: Somatisation,https://www.youtube.com/watch?v=4-bH55MCa1U,changing approach to disease,81,client,0:04:24,Mm.,3,,,,,,,,neutral,
high,36,Psychiatric Interviews for Teaching: Somatisation,https://www.youtube.com/watch?v=4-bH55MCa1U,changing approach to disease,82,therapist,0:04:25,"- and you've had some investigations, but you're not entirely happy that-that you haven't been investigated thoroughly enough.",3,FALSE,,TRUE,simple,FALSE,,reflection,,ref
high,36,Psychiatric Interviews for Teaching: Somatisation,https://www.youtube.com/watch?v=4-bH55MCa1U,changing approach to disease,83,client,0:04:29,Yeah.,3,,,,,,,,neutral,
high,36,Psychiatric Interviews for Teaching: Somatisation,https://www.youtube.com/watch?v=4-bH55MCa1U,changing approach to disease,84,therapist,0:04:30,Is that- is that about-,3,FALSE,,TRUE,simple,FALSE,,reflection,,ref
high,36,Psychiatric Interviews for Teaching: Somatisation,https://www.youtube.com/watch?v=4-bH55MCa1U,changing approach to disease,85,client,0:04:32,"I'd say so, yes.",3,,,,,,,,neutral,
high,36,Psychiatric Interviews for Teaching: Somatisation,https://www.youtube.com/watch?v=4-bH55MCa1U,changing approach to disease,86,therapist,0:04:32,#NAME?,3,FALSE,,TRUE,simple,FALSE,,reflection,,ref
high,36,Psychiatric Interviews for Teaching: Somatisation,https://www.youtube.com/watch?v=4-bH55MCa1U,changing approach to disease,87,client,0:04:33,Yes.,3,,,,,,,,neutral,
high,36,Psychiatric Interviews for Teaching: Somatisation,https://www.youtube.com/watch?v=4-bH55MCa1U,changing approach to disease,88,therapist,0:04:33,"Okay. And can I ask you, Barbara, how-how is all of this affecting you day-to-day? How's-how's it affecting your life?",3,FALSE,,FALSE,,TRUE,open,question,,q
high,36,Psychiatric Interviews for Teaching: Somatisation,https://www.youtube.com/watch?v=4-bH55MCa1U,changing approach to disease,89,client,0:04:42,"Uh, well, it's had quite-quite a big impact. Um, I mean, the first thing, the biggest thing, I suppose, is that I-I went from being full-time to part-time at work.",3,,,,,,,,neutral,
high,36,Psychiatric Interviews for Teaching: Somatisation,https://www.youtube.com/watch?v=4-bH55MCa1U,changing approach to disease,90,therapist,0:04:53,Mm-hmm.,3,FALSE,,FALSE,,FALSE,,other,,other
high,36,Psychiatric Interviews for Teaching: Somatisation,https://www.youtube.com/watch?v=4-bH55MCa1U,changing approach to disease,91,client,0:04:53,I just couldn't sit all day comfortably.,3,,,,,,,,neutral,
high,36,Psychiatric Interviews for Teaching: Somatisation,https://www.youtube.com/watch?v=4-bH55MCa1U,changing approach to disease,92,therapist,0:04:57,Right.,3,FALSE,,FALSE,,FALSE,,other,,other
high,36,Psychiatric Interviews for Teaching: Somatisation,https://www.youtube.com/watch?v=4-bH55MCa1U,changing approach to disease,93,client,0:04:57,"Um, and so I went part-time, but in the end, I, uh, about a year ago, I stopped work altogether.",3,,,,,,,,neutral,
high,36,Psychiatric Interviews for Teaching: Somatisation,https://www.youtube.com/watch?v=4-bH55MCa1U,changing approach to disease,94,therapist,0:05:03,Right. Right.,3,FALSE,,FALSE,,FALSE,,other,,other
high,36,Psychiatric Interviews for Teaching: Somatisation,https://www.youtube.com/watch?v=4-bH55MCa1U,changing approach to disease,95,client,0:05:04,"Um, I miss that.",3,,,,,,,,neutral,
high,36,Psychiatric Interviews for Teaching: Somatisation,https://www.youtube.com/watch?v=4-bH55MCa1U,changing approach to disease,96,therapist,0:05:06,Right.,3,FALSE,,FALSE,,FALSE,,other,,other
high,36,Psychiatric Interviews for Teaching: Somatisation,https://www.youtube.com/watch?v=4-bH55MCa1U,changing approach to disease,97,client,0:05:06,"I miss the girls. We used to, uh, we used to go out at least once a week.",3,,,,,,,,neutral,
high,36,Psychiatric Interviews for Teaching: Somatisation,https://www.youtube.com/watch?v=4-bH55MCa1U,changing approach to disease,98,therapist,0:05:11,Right.,3,FALSE,,FALSE,,FALSE,,other,,other
high,36,Psychiatric Interviews for Teaching: Somatisation,https://www.youtube.com/watch?v=4-bH55MCa1U,changing approach to disease,99,client,0:05:11,To the pictures or for a drink. That's one thing.,3,,,,,,,,neutral,
high,36,Psychiatric Interviews for Teaching: Somatisation,https://www.youtube.com/watch?v=4-bH55MCa1U,changing approach to disease,100,therapist,0:05:16,Sounds as though that's something you quite enjoyed.,3,FALSE,,TRUE,simple,FALSE,,reflection,,ref
high,36,Psychiatric Interviews for Teaching: Somatisation,https://www.youtube.com/watch?v=4-bH55MCa1U,changing approach to disease,101,client,0:05:18,"Yeah, so I-- Yes. Yes, we used to have a laugh.",3,,,,,,,,neutral,
high,36,Psychiatric Interviews for Teaching: Somatisation,https://www.youtube.com/watch?v=4-bH55MCa1U,changing approach to disease,102,therapist,0:05:21,Right. Okay.,3,FALSE,,FALSE,,FALSE,,other,,other
high,36,Psychiatric Interviews for Teaching: Somatisation,https://www.youtube.com/watch?v=4-bH55MCa1U,changing approach to disease,103,client,0:05:22,"Um, I used to go to Swing and Shape. I used to go to an exercise class-",3,,,,,,,,neutral,
high,36,Psychiatric Interviews for Teaching: Somatisation,https://www.youtube.com/watch?v=4-bH55MCa1U,changing approach to disease,104,therapist,0:05:27,Mm-hmm.,3,FALSE,,FALSE,,FALSE,,other,,other
high,36,Psychiatric Interviews for Teaching: Somatisation,https://www.youtube.com/watch?v=4-bH55MCa1U,changing approach to disease,105,client,0:05:27,"- that was, um, I miss the exercise, actually. That was, um, once a week, but you know, the thing was I wasn't comfortable, never felt quite right doing all this exercise. I was always worried I was gonna be taken short or-- So I stopped that.",3,,,,,,,,neutral,
high,36,Psychiatric Interviews for Teaching: Somatisation,https://www.youtube.com/watch?v=4-bH55MCa1U,changing approach to disease,106,therapist,0:05:45,Right.,3,FALSE,,FALSE,,FALSE,,other,,other
high,36,Psychiatric Interviews for Teaching: Somatisation,https://www.youtube.com/watch?v=4-bH55MCa1U,changing approach to disease,107,client,0:05:46,"Um, then-- Well, my husband and I used to go out for meals.",3,,,,,,,,neutral,
high,36,Psychiatric Interviews for Teaching: Somatisation,https://www.youtube.com/watch?v=4-bH55MCa1U,changing approach to disease,108,therapist,0:05:53,Mm-hmm.,3,FALSE,,FALSE,,FALSE,,other,,other
high,36,Psychiatric Interviews for Teaching: Somatisation,https://www.youtube.com/watch?v=4-bH55MCa1U,changing approach to disease,109,client,0:05:54,That's another thing we don't do anymore now.,3,,,,,,,,neutral,
high,36,Psychiatric Interviews for Teaching: Somatisation,https://www.youtube.com/watch?v=4-bH55MCa1U,changing approach to disease,110,therapist,0:05:56,Right.,3,FALSE,,FALSE,,FALSE,,other,,other
high,36,Psychiatric Interviews for Teaching: Somatisation,https://www.youtube.com/watch?v=4-bH55MCa1U,changing approach to disease,111,client,0:05:57,"Um, mm. Yeah, it's quite a few things, really.",3,,,,,,,,neutral,
high,36,Psychiatric Interviews for Teaching: Somatisation,https://www.youtube.com/watch?v=4-bH55MCa1U,changing approach to disease,112,therapist,0:06:01,"Yeah, it does- it does sound as though over the last few years your life has really changed-",3,FALSE,,TRUE,simple,FALSE,,reflection,,ref
high,36,Psychiatric Interviews for Teaching: Somatisation,https://www.youtube.com/watch?v=4-bH55MCa1U,changing approach to disease,113,client,0:06:05,Mm.,3,,,,,,,,neutral,
high,36,Psychiatric Interviews for Teaching: Somatisation,https://www.youtube.com/watch?v=4-bH55MCa1U,changing approach to disease,114,therapist,0:06:05,#NAME?,3,FALSE,,TRUE,simple,FALSE,,reflection,,sum
high,36,Psychiatric Interviews for Teaching: Somatisation,https://www.youtube.com/watch?v=4-bH55MCa1U,changing approach to disease,115,client,0:06:07,Yes.,3,,,,,,,,neutral,
high,36,Psychiatric Interviews for Teaching: Somatisation,https://www.youtube.com/watch?v=4-bH55MCa1U,changing approach to disease,116,therapist,0:06:07,It sounds- it sounds like you're doing the review of the things that you used to do.,3,FALSE,,TRUE,simple,FALSE,,reflection,,sum
high,36,Psychiatric Interviews for Teaching: Somatisation,https://www.youtube.com/watch?v=4-bH55MCa1U,changing approach to disease,117,client,0:06:11,Mm.,3,,,,,,,,neutral,
high,36,Psychiatric Interviews for Teaching: Somatisation,https://www.youtube.com/watch?v=4-bH55MCa1U,changing approach to disease,118,therapist,0:06:11,Right.,3,FALSE,,FALSE,,FALSE,,other,,other
high,36,Psychiatric Interviews for Teaching: Somatisation,https://www.youtube.com/watch?v=4-bH55MCa1U,changing approach to disease,119,client,0:06:12,Mm.,3,,,,,,,,neutral,
high,36,Psychiatric Interviews for Teaching: Somatisation,https://www.youtube.com/watch?v=4-bH55MCa1U,changing approach to disease,120,therapist,0:06:13,"So, what is it you'd spend your average day doing now?",3,FALSE,,FALSE,,TRUE,open,question,,q
high,36,Psychiatric Interviews for Teaching: Somatisation,https://www.youtube.com/watch?v=4-bH55MCa1U,changing approach to disease,121,client,0:06:18,"Well, I potter around the house-",3,,,,,,,,neutral,
high,36,Psychiatric Interviews for Teaching: Somatisation,https://www.youtube.com/watch?v=4-bH55MCa1U,changing approach to disease,122,therapist,0:06:20,Mm-hmm.,3,FALSE,,FALSE,,FALSE,,other,,other
high,36,Psychiatric Interviews for Teaching: Somatisation,https://www.youtube.com/watch?v=4-bH55MCa1U,changing approach to disease,123,client,0:06:20,"- um, I spend perhaps a little bit too much time watching. I've got a bit hooked on daytime television, I have to say.",3,,,,,,,,neutral,
high,36,Psychiatric Interviews for Teaching: Somatisation,https://www.youtube.com/watch?v=4-bH55MCa1U,changing approach to disease,124,therapist,0:06:29,Mm-hmm.,3,FALSE,,FALSE,,FALSE,,other,,other
high,36,Psychiatric Interviews for Teaching: Somatisation,https://www.youtube.com/watch?v=4-bH55MCa1U,changing approach to disease,125,client,0:06:30,"Um, they draw you in, don't they?",3,,,,,,,,neutral,
high,36,Psychiatric Interviews for Teaching: Somatisation,https://www.youtube.com/watch?v=4-bH55MCa1U,changing approach to disease,126,therapist,0:06:32,They certainly do.,3,FALSE,,FALSE,,FALSE,,other,,ref
high,36,Psychiatric Interviews for Teaching: Somatisation,https://www.youtube.com/watch?v=4-bH55MCa1U,changing approach to disease,127,client,0:06:33,"Um, I read a bit-",3,,,,,,,,neutral,
high,36,Psychiatric Interviews for Teaching: Somatisation,https://www.youtube.com/watch?v=4-bH55MCa1U,changing approach to disease,128,therapist,0:06:35,Mm-hmm.,3,FALSE,,FALSE,,FALSE,,other,,other
high,36,Psychiatric Interviews for Teaching: Somatisation,https://www.youtube.com/watch?v=4-bH55MCa1U,changing approach to disease,129,client,0:06:35,"- the old magazines, but, uh, generally, I'm at home.",3,,,,,,,,neutral,
high,36,Psychiatric Interviews for Teaching: Somatisation,https://www.youtube.com/watch?v=4-bH55MCa1U,changing approach to disease,130,therapist,0:06:39,Right.,3,FALSE,,FALSE,,FALSE,,other,,other
high,36,Psychiatric Interviews for Teaching: Somatisation,https://www.youtube.com/watch?v=4-bH55MCa1U,changing approach to disease,131,client,0:06:39,Yeah.,3,,,,,,,,neutral,
high,36,Psychiatric Interviews for Teaching: Somatisation,https://www.youtube.com/watch?v=4-bH55MCa1U,changing approach to disease,132,therapist,0:06:40,"Okay. Okay. And have there been any times over the last four years that you've noticed any significant changes in your symptoms? For example, have there been any times when things have been better for you?",3,FALSE,,FALSE,,TRUE,open,question,,q
high,36,Psychiatric Interviews for Teaching: Somatisation,https://www.youtube.com/watch?v=4-bH55MCa1U,changing approach to disease,133,client,0:06:56,"Um, well, last year, um, my son got married-",3,,,,,,,,neutral,
high,36,Psychiatric Interviews for Teaching: Somatisation,https://www.youtube.com/watch?v=4-bH55MCa1U,changing approach to disease,134,therapist,0:07:03,Right.,3,FALSE,,FALSE,,FALSE,,other,,other
high,36,Psychiatric Interviews for Teaching: Somatisation,https://www.youtube.com/watch?v=4-bH55MCa1U,changing approach to disease,135,client,0:07:03,"- and I-I have to say I was worried that, um, that I wouldn't be able to cope with it.",3,,,,,,,,neutral,
high,36,Psychiatric Interviews for Teaching: Somatisation,https://www.youtube.com/watch?v=4-bH55MCa1U,changing approach to disease,136,therapist,0:07:08,Mm-hmm.,3,FALSE,,FALSE,,FALSE,,other,,other
high,36,Psychiatric Interviews for Teaching: Somatisation,https://www.youtube.com/watch?v=4-bH55MCa1U,changing approach to disease,137,client,0:07:08,"That I-I wouldn't be feeling well enough, but surprisingly enough, um, I was in good form, and I think it was about three weeks in the summer, getting ready for it-",3,,,,,,,,neutral,
high,36,Psychiatric Interviews for Teaching: Somatisation,https://www.youtube.com/watch?v=4-bH55MCa1U,changing approach to disease,138,therapist,0:07:18,Mm-hmm.,3,FALSE,,FALSE,,FALSE,,other,,other
high,36,Psychiatric Interviews for Teaching: Somatisation,https://www.youtube.com/watch?v=4-bH55MCa1U,changing approach to disease,139,client,0:07:18,#NAME?,3,,,,,,,,neutral,
high,36,Psychiatric Interviews for Teaching: Somatisation,https://www.youtube.com/watch?v=4-bH55MCa1U,changing approach to disease,140,therapist,0:07:20,Mm-hmm.,3,FALSE,,FALSE,,FALSE,,other,,other
high,36,Psychiatric Interviews for Teaching: Somatisation,https://www.youtube.com/watch?v=4-bH55MCa1U,changing approach to disease,141,client,0:07:21,But I was in good- in really good form for that. Yeah.,3,,,,,,,,neutral,
high,36,Psychiatric Interviews for Teaching: Somatisation,https://www.youtube.com/watch?v=4-bH55MCa1U,changing approach to disease,142,therapist,0:07:23,Right.,3,FALSE,,FALSE,,FALSE,,other,,other
high,36,Psychiatric Interviews for Teaching: Somatisation,https://www.youtube.com/watch?v=4-bH55MCa1U,changing approach to disease,143,client,0:07:24,That was a good time.,3,,,,,,,,neutral,
high,36,Psychiatric Interviews for Teaching: Somatisation,https://www.youtube.com/watch?v=4-bH55MCa1U,changing approach to disease,144,therapist,0:07:25,Right. And how were you tummy symptoms then?,3,FALSE,,FALSE,,TRUE,open,question,,q
high,36,Psychiatric Interviews for Teaching: Somatisation,https://www.youtube.com/watch?v=4-bH55MCa1U,changing approach to disease,145,client,0:07:27,I hardly noticed them.,3,,,,,,,,neutral,
high,36,Psychiatric Interviews for Teaching: Somatisation,https://www.youtube.com/watch?v=4-bH55MCa1U,changing approach to disease,146,therapist,0:07:29,Right. Okay.,3,FALSE,,FALSE,,FALSE,,other,,other
high,36,Psychiatric Interviews for Teaching: Somatisation,https://www.youtube.com/watch?v=4-bH55MCa1U,changing approach to disease,147,client,0:07:29,"Yeah, it, uh, it seemed to, uh, clear up.",3,,,,,,,,neutral,
high,36,Psychiatric Interviews for Teaching: Somatisation,https://www.youtube.com/watch?v=4-bH55MCa1U,changing approach to disease,148,therapist,0:07:33,Right. Right.,3,FALSE,,FALSE,,FALSE,,other,,other
high,36,Psychiatric Interviews for Teaching: Somatisation,https://www.youtube.com/watch?v=4-bH55MCa1U,changing approach to disease,149,client,0:07:34,Which was good.,3,,,,,,,,neutral,
high,36,Psychiatric Interviews for Teaching: Somatisation,https://www.youtube.com/watch?v=4-bH55MCa1U,changing approach to disease,150,therapist,0:07:35,Right. That's interesting.,3,FALSE,,FALSE,,FALSE,,other,,other
high,36,Psychiatric Interviews for Teaching: Somatisation,https://www.youtube.com/watch?v=4-bH55MCa1U,changing approach to disease,151,client,0:07:36,Mm.,3,,,,,,,,neutral,
high,36,Psychiatric Interviews for Teaching: Somatisation,https://www.youtube.com/watch?v=4-bH55MCa1U,changing approach to disease,152,therapist,0:07:37,And are there any times when your-your tummy symptoms bother you more? Seem particularly bad?,3,FALSE,,FALSE,,TRUE,open,question,,q
high,36,Psychiatric Interviews for Teaching: Somatisation,https://www.youtube.com/watch?v=4-bH55MCa1U,changing approach to disease,153,client,0:07:43,"Um, well, it's- I'm-I'm having a bit of a bad patch at the moment.",3,,,,,,,,neutral,
high,36,Psychiatric Interviews for Teaching: Somatisation,https://www.youtube.com/watch?v=4-bH55MCa1U,changing approach to disease,154,therapist,0:07:47,Right.,3,FALSE,,FALSE,,FALSE,,other,,other
high,36,Psychiatric Interviews for Teaching: Somatisation,https://www.youtube.com/watch?v=4-bH55MCa1U,changing approach to disease,155,client,0:07:47,"It's particularly, um, uncomfortable. Um, I have to say I do notice it when my husband's away. He-",3,,,,,,,,neutral,
high,36,Psychiatric Interviews for Teaching: Somatisation,https://www.youtube.com/watch?v=4-bH55MCa1U,changing approach to disease,156,therapist,0:07:55,Right.,3,FALSE,,FALSE,,FALSE,,other,,other
high,36,Psychiatric Interviews for Teaching: Somatisation,https://www.youtube.com/watch?v=4-bH55MCa1U,changing approach to disease,157,client,0:07:55,"- he travels with his job, and he-",3,,,,,,,,neutral,
high,36,Psychiatric Interviews for Teaching: Somatisation,https://www.youtube.com/watch?v=4-bH55MCa1U,changing approach to disease,158,therapist,0:07:57,Right.,3,FALSE,,FALSE,,FALSE,,other,,other
high,36,Psychiatric Interviews for Teaching: Somatisation,https://www.youtube.com/watch?v=4-bH55MCa1U,changing approach to disease,159,client,0:07:57,#NAME?,3,,,,,,,,neutral,
high,36,Psychiatric Interviews for Teaching: Somatisation,https://www.youtube.com/watch?v=4-bH55MCa1U,changing approach to disease,160,therapist,0:08:00,Uh-huh.,3,FALSE,,FALSE,,FALSE,,other,,other
high,36,Psychiatric Interviews for Teaching: Somatisation,https://www.youtube.com/watch?v=4-bH55MCa1U,changing approach to disease,161,client,0:08:01,"Um, and that's not-- It-it's very often not good then, I have to say.",3,,,,,,,,neutral,
high,36,Psychiatric Interviews for Teaching: Somatisation,https://www.youtube.com/watch?v=4-bH55MCa1U,changing approach to disease,162,therapist,0:08:06,Right. So you notice it's a bit worse when your husband's not around? Okay.,3,FALSE,,TRUE,simple,TRUE,open,reflection,,ref
high,36,Psychiatric Interviews for Teaching: Somatisation,https://www.youtube.com/watch?v=4-bH55MCa1U,changing approach to disease,163,client,0:08:10,"Mm. Maybe I'm thinking about it a bit more, I don't know, when he's not there.",3,,,,,,,,neutral,
high,36,Psychiatric Interviews for Teaching: Somatisation,https://www.youtube.com/watch?v=4-bH55MCa1U,changing approach to disease,164,therapist,0:08:13,Right. I know you've been seeing Dr. Brown about this for the last few years.,3,FALSE,,FALSE,,FALSE,,other,,other
high,36,Psychiatric Interviews for Teaching: Somatisation,https://www.youtube.com/watch?v=4-bH55MCa1U,changing approach to disease,165,client,0:08:21,Mm.,3,,,,,,,,neutral,
high,36,Psychiatric Interviews for Teaching: Somatisation,https://www.youtube.com/watch?v=4-bH55MCa1U,changing approach to disease,166,therapist,0:08:21,What is it that he's said that he thinks might be wrong with you?,3,FALSE,,FALSE,,TRUE,open,question,,q
high,36,Psychiatric Interviews for Teaching: Somatisation,https://www.youtube.com/watch?v=4-bH55MCa1U,changing approach to disease,167,client,0:08:26,"Well, he's-he thinks it's all in my head.",3,,,,,,,,neutral,
high,36,Psychiatric Interviews for Teaching: Somatisation,https://www.youtube.com/watch?v=4-bH55MCa1U,changing approach to disease,168,therapist,0:08:30,Right.,3,FALSE,,FALSE,,FALSE,,other,,other
high,36,Psychiatric Interviews for Teaching: Somatisation,https://www.youtube.com/watch?v=4-bH55MCa1U,changing approach to disease,169,client,0:08:30,"You know, he's- he says it's stress.",3,,,,,,,,neutral,
high,36,Psychiatric Interviews for Teaching: Somatisation,https://www.youtube.com/watch?v=4-bH55MCa1U,changing approach to disease,170,therapist,0:08:35,Right. Okay.,3,FALSE,,FALSE,,FALSE,,other,,other
high,36,Psychiatric Interviews for Teaching: Somatisation,https://www.youtube.com/watch?v=4-bH55MCa1U,changing approach to disease,171,client,0:08:36,Mm.,3,,,,,,,,neutral,
high,36,Psychiatric Interviews for Teaching: Somatisation,https://www.youtube.com/watch?v=4-bH55MCa1U,changing approach to disease,172,therapist,0:08:38,And what do you think?,3,FALSE,,FALSE,,TRUE,open,question,,q
high,36,Psychiatric Interviews for Teaching: Somatisation,https://www.youtube.com/watch?v=4-bH55MCa1U,changing approach to disease,173,client,0:08:39,"Well, I mean, it can't all be in my head. I get too much physical pain-",3,,,,,,,,neutral,
high,36,Psychiatric Interviews for Teaching: Somatisation,https://www.youtube.com/watch?v=4-bH55MCa1U,changing approach to disease,174,therapist,0:08:48,Right.,3,FALSE,,FALSE,,FALSE,,other,,other
high,36,Psychiatric Interviews for Teaching: Somatisation,https://www.youtube.com/watch?v=4-bH55MCa1U,changing approach to disease,175,client,0:08:48,"- for it to be in my head. I mean, it's real. It's-it's real pain.",3,,,,,,,,neutral,
high,36,Psychiatric Interviews for Teaching: Somatisation,https://www.youtube.com/watch?v=4-bH55MCa1U,changing approach to disease,176,therapist,0:08:53,Mm-hmm.,3,FALSE,,FALSE,,FALSE,,other,,other
high,36,Psychiatric Interviews for Teaching: Somatisation,https://www.youtube.com/watch?v=4-bH55MCa1U,changing approach to disease,177,client,0:08:54,Um—,3,,,,,,,,neutral,
high,36,Psychiatric Interviews for Teaching: Somatisation,https://www.youtube.com/watch?v=4-bH55MCa1U,changing approach to disease,178,therapist,0:08:55,And have you had any thoughts yourself about what you think might be causing it?,3,FALSE,,FALSE,,TRUE,open,question,,q
high,36,Psychiatric Interviews for Teaching: Somatisation,https://www.youtube.com/watch?v=4-bH55MCa1U,changing approach to disease,179,client,0:09:00,"Well, I mean, I-I did think that perhaps it was an infection that hadn't cleared up-",3,,,,,,,,neutral,
high,36,Psychiatric Interviews for Teaching: Somatisation,https://www.youtube.com/watch?v=4-bH55MCa1U,changing approach to disease,180,therapist,0:09:04,Mm-hmm.,3,FALSE,,FALSE,,FALSE,,other,,other
high,36,Psychiatric Interviews for Teaching: Somatisation,https://www.youtube.com/watch?v=4-bH55MCa1U,changing approach to disease,181,client,0:09:04,"- in the early stages, but, um, I think, um, I-I mean, sometimes I think it's IBS. A friend of mines has got that and it sounds similar, and then-",3,,,,,,,,neutral,
high,36,Psychiatric Interviews for Teaching: Somatisation,https://www.youtube.com/watch?v=4-bH55MCa1U,changing approach to disease,182,therapist,0:09:14,Right.,3,FALSE,,FALSE,,FALSE,,other,,other
high,36,Psychiatric Interviews for Teaching: Somatisation,https://www.youtube.com/watch?v=4-bH55MCa1U,changing approach to disease,183,client,0:09:14,"- other times I'll think, ""I wonder if it's an ulcer.""",3,,,,,,,,neutral,
high,36,Psychiatric Interviews for Teaching: Somatisation,https://www.youtube.com/watch?v=4-bH55MCa1U,changing approach to disease,184,therapist,0:09:16,Right.,3,FALSE,,FALSE,,FALSE,,other,,other
high,36,Psychiatric Interviews for Teaching: Somatisation,https://www.youtube.com/watch?v=4-bH55MCa1U,changing approach to disease,185,client,0:09:17,"Um, on a really bad day, I start to think it might be cancer.",3,,,,,,,,neutral,
high,36,Psychiatric Interviews for Teaching: Somatisation,https://www.youtube.com/watch?v=4-bH55MCa1U,changing approach to disease,186,therapist,0:09:23,Right.,3,FALSE,,FALSE,,FALSE,,other,,other
high,36,Psychiatric Interviews for Teaching: Somatisation,https://www.youtube.com/watch?v=4-bH55MCa1U,changing approach to disease,187,client,0:09:23,"Um, my mother-in-law- my mother-in-law died of cancer last year and she had a, um, a growth that-",3,,,,,,,,neutral,
high,36,Psychiatric Interviews for Teaching: Somatisation,https://www.youtube.com/watch?v=4-bH55MCa1U,changing approach to disease,188,therapist,0:09:32,Mm-hmm.,3,FALSE,,FALSE,,FALSE,,other,,other
high,36,Psychiatric Interviews for Teaching: Somatisation,https://www.youtube.com/watch?v=4-bH55MCa1U,changing approach to disease,189,client,0:09:32,- the-the doctor didn't investigate.,3,,,,,,,,neutral,
high,36,Psychiatric Interviews for Teaching: Somatisation,https://www.youtube.com/watch?v=4-bH55MCa1U,changing approach to disease,190,therapist,0:09:34,Right.,3,FALSE,,FALSE,,FALSE,,other,,other
high,36,Psychiatric Interviews for Teaching: Somatisation,https://www.youtube.com/watch?v=4-bH55MCa1U,changing approach to disease,191,client,0:09:35,"But by the time they'd found it, it was the size of a football-",3,,,,,,,,neutral,
high,36,Psychiatric Interviews for Teaching: Somatisation,https://www.youtube.com/watch?v=4-bH55MCa1U,changing approach to disease,192,therapist,0:09:38,"Oh, dear.",3,FALSE,,FALSE,,FALSE,,other,,other
high,36,Psychiatric Interviews for Teaching: Somatisation,https://www.youtube.com/watch?v=4-bH55MCa1U,changing approach to disease,193,client,0:09:38,#NAME?,3,,,,,,,,neutral,
high,36,Psychiatric Interviews for Teaching: Somatisation,https://www.youtube.com/watch?v=4-bH55MCa1U,changing approach to disease,194,therapist,0:09:40,Right. Right.,3,FALSE,,FALSE,,FALSE,,other,,other
high,36,Psychiatric Interviews for Teaching: Somatisation,https://www.youtube.com/watch?v=4-bH55MCa1U,changing approach to disease,195,client,0:09:40,"So, you know, when I go to bed at night now, um, I just feel to make sure there's nothing different going on.",3,,,,,,,,neutral,
high,36,Psychiatric Interviews for Teaching: Somatisation,https://www.youtube.com/watch?v=4-bH55MCa1U,changing approach to disease,196,therapist,0:09:48,Right.,3,FALSE,,FALSE,,FALSE,,other,,other
high,36,Psychiatric Interviews for Teaching: Somatisation,https://www.youtube.com/watch?v=4-bH55MCa1U,changing approach to disease,197,client,0:09:48,"And, uh, yeah, I worry about that.",3,,,,,,,,neutral,
high,36,Psychiatric Interviews for Teaching: Somatisation,https://www.youtube.com/watch?v=4-bH55MCa1U,changing approach to disease,198,therapist,0:09:52,"So you're- you-you're kind of prodding, having a feel at night?",3,FALSE,,TRUE,simple,TRUE,open,reflection,,q
high,36,Psychiatric Interviews for Teaching: Somatisation,https://www.youtube.com/watch?v=4-bH55MCa1U,changing approach to disease,199,client,0:09:55,"Oh, yes.",3,,,,,,,,neutral,
high,36,Psychiatric Interviews for Teaching: Somatisation,https://www.youtube.com/watch?v=4-bH55MCa1U,changing approach to disease,200,therapist,0:09:55,To see if you can feel anything?,3,FALSE,,TRUE,simple,TRUE,open,question,,q
high,36,Psychiatric Interviews for Teaching: Somatisation,https://www.youtube.com/watch?v=4-bH55MCa1U,changing approach to disease,201,client,0:09:56,Yes.,3,,,,,,,,neutral,
high,36,Psychiatric Interviews for Teaching: Somatisation,https://www.youtube.com/watch?v=4-bH55MCa1U,changing approach to disease,202,therapist,0:09:57,Right.,3,FALSE,,FALSE,,FALSE,,other,,other
high,36,Psychiatric Interviews for Teaching: Somatisation,https://www.youtube.com/watch?v=4-bH55MCa1U,changing approach to disease,203,client,0:09:57,"I just want to make sure there's nothing changing down there, you know?",3,,,,,,,,neutral,
high,36,Psychiatric Interviews for Teaching: Somatisation,https://www.youtube.com/watch?v=4-bH55MCa1U,changing approach to disease,204,therapist,0:10:00,Right. Okay.,3,FALSE,,FALSE,,FALSE,,other,,other
high,36,Psychiatric Interviews for Teaching: Somatisation,https://www.youtube.com/watch?v=4-bH55MCa1U,changing approach to disease,205,client,0:10:02,Mm.,3,,,,,,,,neutral,
high,36,Psychiatric Interviews for Teaching: Somatisation,https://www.youtube.com/watch?v=4-bH55MCa1U,changing approach to disease,206,therapist,0:10:02,"Okay. So just to-to make sure that I've got the-the story straight, you've-you've seen Dr. Brown for a couple of years.",3,FALSE,,TRUE,simple,FALSE,,reflection,,sum
high,36,Psychiatric Interviews for Teaching: Somatisation,https://www.youtube.com/watch?v=4-bH55MCa1U,changing approach to disease,207,client,0:10:10,Mm.,3,,,,,,,,neutral,
high,36,Psychiatric Interviews for Teaching: Somatisation,https://www.youtube.com/watch?v=4-bH55MCa1U,changing approach to disease,208,therapist,0:10:10,You've-you've tried a variety of medications-,3,FALSE,,TRUE,simple,FALSE,,reflection,,sum
high,36,Psychiatric Interviews for Teaching: Somatisation,https://www.youtube.com/watch?v=4-bH55MCa1U,changing approach to disease,209,client,0:10:12,Mm.,3,,,,,,,,neutral,
high,36,Psychiatric Interviews for Teaching: Somatisation,https://www.youtube.com/watch?v=4-bH55MCa1U,changing approach to disease,210,therapist,0:10:13,"- some prescribed, some-",3,FALSE,,TRUE,simple,FALSE,,reflection,,sum
high,36,Psychiatric Interviews for Teaching: Somatisation,https://www.youtube.com/watch?v=4-bH55MCa1U,changing approach to disease,211,client,0:10:14,Mm.,3,,,,,,,,neutral,
high,36,Psychiatric Interviews for Teaching: Somatisation,https://www.youtube.com/watch?v=4-bH55MCa1U,changing approach to disease,212,therapist,0:10:15,- from the-the herbal shop. None of them really made a great deal of difference. You've had some investigations-,3,FALSE,,TRUE,simple,FALSE,,reflection,,sum
high,36,Psychiatric Interviews for Teaching: Somatisation,https://www.youtube.com/watch?v=4-bH55MCa1U,changing approach to disease,213,client,0:10:21,Mm-hmm.,3,,,,,,,,neutral,
high,36,Psychiatric Interviews for Teaching: Somatisation,https://www.youtube.com/watch?v=4-bH55MCa1U,changing approach to disease,214,therapist,0:10:21,"- but you perhaps feel you've not had enough investigations. And at times, you worry that this could be something quite serious like a-",3,FALSE,,TRUE,simple,FALSE,,reflection,,sum
high,36,Psychiatric Interviews for Teaching: Somatisation,https://www.youtube.com/watch?v=4-bH55MCa1U,changing approach to disease,215,client,0:10:28,Mm.,3,,,,,,,,neutral,
high,36,Psychiatric Interviews for Teaching: Somatisation,https://www.youtube.com/watch?v=4-bH55MCa1U,changing approach to disease,216,therapist,0:10:29,- a cancer. Is that-- Have I got the-,3,FALSE,,TRUE,simple,FALSE,,reflection,,ref
high,36,Psychiatric Interviews for Teaching: Somatisation,https://www.youtube.com/watch?v=4-bH55MCa1U,changing approach to disease,217,client,0:10:32,Yes.,3,,,,,,,,neutral,
high,36,Psychiatric Interviews for Teaching: Somatisation,https://www.youtube.com/watch?v=4-bH55MCa1U,changing approach to disease,218,therapist,0:10:32,#NAME?,3,FALSE,,TRUE,simple,FALSE,,reflection,,ref
high,36,Psychiatric Interviews for Teaching: Somatisation,https://www.youtube.com/watch?v=4-bH55MCa1U,changing approach to disease,219,client,0:10:33,Yes. Yeah.,3,,,,,,,,neutral,
high,36,Psychiatric Interviews for Teaching: Somatisation,https://www.youtube.com/watch?v=4-bH55MCa1U,changing approach to disease,220,therapist,0:10:34,Okay.,3,FALSE,,FALSE,,FALSE,,other,,other
high,36,Psychiatric Interviews for Teaching: Somatisation,https://www.youtube.com/watch?v=4-bH55MCa1U,changing approach to disease,221,client,0:10:34,I'd say so.,3,,,,,,,,neutral,
high,36,Psychiatric Interviews for Teaching: Somatisation,https://www.youtube.com/watch?v=4-bH55MCa1U,changing approach to disease,222,therapist,0:10:35,"Okay. Barbara, what was it that you were hoping that I'd do for you today?",3,FALSE,,FALSE,,TRUE,open,question,,q
high,36,Psychiatric Interviews for Teaching: Somatisation,https://www.youtube.com/watch?v=4-bH55MCa1U,changing approach to disease,223,client,0:10:42,"Well, I thought, you know, you're a new doctor here-",3,,,,,,,,neutral,
high,36,Psychiatric Interviews for Teaching: Somatisation,https://www.youtube.com/watch?v=4-bH55MCa1U,changing approach to disease,224,therapist,0:10:45,Mm-hmm.,3,FALSE,,FALSE,,FALSE,,other,,other
high,36,Psychiatric Interviews for Teaching: Somatisation,https://www.youtube.com/watch?v=4-bH55MCa1U,changing approach to disease,225,client,0:10:45,"- and you've just finished your medical training. I wondered whether, you know, with new eyes and a new way of looking at-at the problem-",3,,,,,,,,neutral,
high,36,Psychiatric Interviews for Teaching: Somatisation,https://www.youtube.com/watch?v=4-bH55MCa1U,changing approach to disease,226,therapist,0:10:52,Right.,3,FALSE,,FALSE,,FALSE,,other,,other
high,36,Psychiatric Interviews for Teaching: Somatisation,https://www.youtube.com/watch?v=4-bH55MCa1U,changing approach to disease,227,client,0:10:53,"- um, you-you probably know about different tests, new tests, that my doctor doesn't know about, you know, new developments.",3,,,,,,,,neutral,
high,36,Psychiatric Interviews for Teaching: Somatisation,https://www.youtube.com/watch?v=4-bH55MCa1U,changing approach to disease,228,therapist,0:11:01,Right.,3,FALSE,,FALSE,,FALSE,,other,,other
high,36,Psychiatric Interviews for Teaching: Somatisation,https://www.youtube.com/watch?v=4-bH55MCa1U,changing approach to disease,229,client,0:11:01,So perhaps you could send me for some different tests.,3,,,,,,,,neutral,
high,36,Psychiatric Interviews for Teaching: Somatisation,https://www.youtube.com/watch?v=4-bH55MCa1U,changing approach to disease,230,therapist,0:11:05,Right. Right. So you were hoping that I'd send you for more tests?,3,FALSE,,TRUE,simple,TRUE,open,question,,q
high,36,Psychiatric Interviews for Teaching: Somatisation,https://www.youtube.com/watch?v=4-bH55MCa1U,changing approach to disease,231,client,0:11:09,Mm.,3,,,,,,,,neutral,
high,36,Psychiatric Interviews for Teaching: Somatisation,https://www.youtube.com/watch?v=4-bH55MCa1U,changing approach to disease,232,therapist,0:11:10,Okay.,3,FALSE,,FALSE,,FALSE,,other,,other
high,36,Psychiatric Interviews for Teaching: Somatisation,https://www.youtube.com/watch?v=4-bH55MCa1U,changing approach to disease,233,client,0:11:10,"Well, I think there's-there's got to be something that a test might-",3,,,,,,,,neutral,
high,36,Psychiatric Interviews for Teaching: Somatisation,https://www.youtube.com/watch?v=4-bH55MCa1U,changing approach to disease,234,therapist,0:11:13,Right.,3,FALSE,,FALSE,,FALSE,,other,,other
high,36,Psychiatric Interviews for Teaching: Somatisation,https://www.youtube.com/watch?v=4-bH55MCa1U,changing approach to disease,235,client,0:11:13,#NAME?,3,,,,,,,,neutral,
high,36,Psychiatric Interviews for Teaching: Somatisation,https://www.youtube.com/watch?v=4-bH55MCa1U,changing approach to disease,236,therapist,0:11:14,"Right. Okay. Well, I think, Barbara, having-having heard your story, and heard about the symptoms, I'm not sure that actually sending you for more tests at this point would be the most useful thing that we could do for you. And the reason for that is because you've-you've had some of the main investigations in the last couple of years, and-and they've not shown anything. And your symptoms haven't really changed that much. So it's very unlikely that if we were to send you for more tests now that-that they'd show anything different than what we already know. So a bit-- I think it would be a waste of time for you to go for more tests.",3,FALSE,,FALSE,,FALSE,,other,,other
high,36,Psychiatric Interviews for Teaching: Somatisation,https://www.youtube.com/watch?v=4-bH55MCa1U,changing approach to disease,237,client,0:12:01,"So-so like, do you think it's all in my head then? You're gonna be like Dr. Brown. You think I'm imagining all of this?",3,,,,,,,,neutral,
high,36,Psychiatric Interviews for Teaching: Somatisation,https://www.youtube.com/watch?v=4-bH55MCa1U,changing approach to disease,238,therapist,0:12:09,"Uh, no. I think that you clearly have pain, and clearly you have lots of physical symptoms, and they're clearly getting in the way of-",3,FALSE,,FALSE,,FALSE,,other,,other
high,36,Psychiatric Interviews for Teaching: Somatisation,https://www.youtube.com/watch?v=4-bH55MCa1U,changing approach to disease,239,client,0:12:17,Mm.,3,,,,,,,,neutral,
high,36,Psychiatric Interviews for Teaching: Somatisation,https://www.youtube.com/watch?v=4-bH55MCa1U,changing approach to disease,240,therapist,0:12:17,-your life and causing you a lot-,3,FALSE,,FALSE,,FALSE,,other,,other
high,36,Psychiatric Interviews for Teaching: Somatisation,https://www.youtube.com/watch?v=4-bH55MCa1U,changing approach to disease,241,client,0:12:18,Mm.,3,,,,,,,,neutral,
high,36,Psychiatric Interviews for Teaching: Somatisation,https://www.youtube.com/watch?v=4-bH55MCa1U,changing approach to disease,242,therapist,0:12:18,#NAME?,3,FALSE,,FALSE,,FALSE,,other,,other
high,36,Psychiatric Interviews for Teaching: Somatisation,https://www.youtube.com/watch?v=4-bH55MCa1U,changing approach to disease,243,client,0:12:19,Mm.,3,,,,,,,,neutral,
high,36,Psychiatric Interviews for Teaching: Somatisation,https://www.youtube.com/watch?v=4-bH55MCa1U,changing approach to disease,244,therapist,0:12:20,I guess- I guess the way I think about these things is that they're not necessarily either all in the mind or all in the body.,3,FALSE,,FALSE,,FALSE,,other,,other
high,36,Psychiatric Interviews for Teaching: Somatisation,https://www.youtube.com/watch?v=4-bH55MCa1U,changing approach to disease,245,client,0:12:28,Mm.,3,,,,,,,,neutral,
high,36,Psychiatric Interviews for Teaching: Somatisation,https://www.youtube.com/watch?v=4-bH55MCa1U,changing approach to disease,246,therapist,0:12:29,"Sometimes these things can go together. Uh, I guess I'm thinking about how you told me that last year, when your son got married, uh, and you were very busy-",3,TRUE,information,FALSE,,FALSE,,therapist_input,,sum
high,36,Psychiatric Interviews for Teaching: Somatisation,https://www.youtube.com/watch?v=4-bH55MCa1U,changing approach to disease,247,client,0:12:39,Mm.,3,,,,,,,,neutral,
high,36,Psychiatric Interviews for Teaching: Somatisation,https://www.youtube.com/watch?v=4-bH55MCa1U,changing approach to disease,248,therapist,0:12:39,#NAME?,3,FALSE,,FALSE,,FALSE,,other,,sum
high,36,Psychiatric Interviews for Teaching: Somatisation,https://www.youtube.com/watch?v=4-bH55MCa1U,changing approach to disease,249,client,0:12:44,Mm.,3,,,,,,,,neutral,
high,36,Psychiatric Interviews for Teaching: Somatisation,https://www.youtube.com/watch?v=4-bH55MCa1U,changing approach to disease,250,therapist,0:12:44,"And, uh, when your husband's away, which is something you don't like very much, sometimes, somehow, your symptoms then will seem greater. So, I guess what I'm wondering, Barbara, is if there might be some kind of a link with you between how you're feeling in your mind, and what's going on in your life, and-and how much your symptoms trouble you. Do you think that's a possibility?",3,FALSE,,TRUE,complex,TRUE,open,reflection,,other
high,36,Psychiatric Interviews for Teaching: Somatisation,https://www.youtube.com/watch?v=4-bH55MCa1U,changing approach to disease,251,client,0:13:11,"Well, I can't see that my mind can be causing this amount of pain.",3,,,,,,,,sustain,
high,36,Psychiatric Interviews for Teaching: Somatisation,https://www.youtube.com/watch?v=4-bH55MCa1U,changing approach to disease,252,therapist,0:13:16,"Mm. I'm not saying that the pain's in your mind. Um, I guess what I'm saying is that sometimes the way that we feel, and the way that our lives are going, can impact how we notice our symptoms. Given that we've tried medication for you, and we've tried investigations, and we've drawn a blank really, with those, none of those have really helped you-",3,FALSE,,TRUE,complex,FALSE,,reflection,,other
high,36,Psychiatric Interviews for Teaching: Somatisation,https://www.youtube.com/watch?v=4-bH55MCa1U,changing approach to disease,253,client,0:13:38,No.,3,,,,,,,,neutral,
high,36,Psychiatric Interviews for Teaching: Somatisation,https://www.youtube.com/watch?v=4-bH55MCa1U,changing approach to disease,254,therapist,0:13:39,- I guess I'm wondering whether now it would be a good idea to try a different approach to your problems.,3,FALSE,,FALSE,,FALSE,,other,,other
high,36,Psychiatric Interviews for Teaching: Somatisation,https://www.youtube.com/watch?v=4-bH55MCa1U,changing approach to disease,255,client,0:13:46,What-what sort of approach?,3,,,,,,,,neutral,
high,36,Psychiatric Interviews for Teaching: Somatisation,https://www.youtube.com/watch?v=4-bH55MCa1U,changing approach to disease,256,therapist,0:13:48,"Well, I guess, thinking a little bit about those other areas of your life, um, uh, I'm thinking about the fact that over the last four years, your life's really changed. It seems to have really shrunk down.",3,FALSE,,FALSE,,FALSE,,other,,other
high,36,Psychiatric Interviews for Teaching: Somatisation,https://www.youtube.com/watch?v=4-bH55MCa1U,changing approach to disease,257,client,0:14:01,Mm.,3,,,,,,,,neutral,
high,36,Psychiatric Interviews for Teaching: Somatisation,https://www.youtube.com/watch?v=4-bH55MCa1U,changing approach to disease,258,therapist,0:14:01,And it sounds as though you're not doing lots of the things that you used to do. That you-,3,FALSE,,TRUE,simple,FALSE,,reflection,,other
high,36,Psychiatric Interviews for Teaching: Somatisation,https://www.youtube.com/watch?v=4-bH55MCa1U,changing approach to disease,259,client,0:14:06,No.,3,,,,,,,,neutral,
high,36,Psychiatric Interviews for Teaching: Somatisation,https://www.youtube.com/watch?v=4-bH55MCa1U,changing approach to disease,260,therapist,0:14:06,#NAME?,3,FALSE,,TRUE,simple,TRUE,open,reflection,,ref
high,36,Psychiatric Interviews for Teaching: Somatisation,https://www.youtube.com/watch?v=4-bH55MCa1U,changing approach to disease,261,client,0:14:09,"Well, I just can't do them.",3,,,,,,,,neutral,
high,36,Psychiatric Interviews for Teaching: Somatisation,https://www.youtube.com/watch?v=4-bH55MCa1U,changing approach to disease,262,therapist,0:14:10,Yeah.,3,FALSE,,FALSE,,FALSE,,other,,other
high,36,Psychiatric Interviews for Teaching: Somatisation,https://www.youtube.com/watch?v=4-bH55MCa1U,changing approach to disease,263,client,0:14:10,I can't- I can't do them anymore.,3,,,,,,,,neutral,
high,36,Psychiatric Interviews for Teaching: Somatisation,https://www.youtube.com/watch?v=4-bH55MCa1U,changing approach to disease,264,therapist,0:14:11,"Yeah. And I guess I wonder-- Uh, it sounds as though you've-you've dropped doing those things because you felt you couldn't do them, but I wonder if, in a funny way, what's happened is the fact that you're not doing those pleasurable things now, has kind of fed into you feeling-",3,FALSE,,TRUE,complex,FALSE,,reflection,,other
high,36,Psychiatric Interviews for Teaching: Somatisation,https://www.youtube.com/watch?v=4-bH55MCa1U,changing approach to disease,265,client,0:14:28,Mm.,3,,,,,,,,neutral,
high,36,Psychiatric Interviews for Teaching: Somatisation,https://www.youtube.com/watch?v=4-bH55MCa1U,changing approach to disease,266,therapist,0:14:28,#NAME?,3,FALSE,,TRUE,complex,TRUE,open,reflection,,other
high,36,Psychiatric Interviews for Teaching: Somatisation,https://www.youtube.com/watch?v=4-bH55MCa1U,changing approach to disease,267,client,0:14:37,"Oh, I don't know.",3,,,,,,,,neutral,
high,36,Psychiatric Interviews for Teaching: Somatisation,https://www.youtube.com/watch?v=4-bH55MCa1U,changing approach to disease,268,therapist,0:14:38,Mm.,3,FALSE,,FALSE,,FALSE,,other,,other
high,36,Psychiatric Interviews for Teaching: Somatisation,https://www.youtube.com/watch?v=4-bH55MCa1U,changing approach to disease,269,client,0:14:38,I don't know.,3,,,,,,,,neutral,
high,36,Psychiatric Interviews for Teaching: Somatisation,https://www.youtube.com/watch?v=4-bH55MCa1U,changing approach to disease,270,therapist,0:14:39,"Well, I guess what I'd be wondering is whether one of the approaches we need to be using now is thinking about what you do with your life, and what you do with your day, and maybe trying to bring back some of those pleasurable things, you know, even if it's just meeting up-",3,TRUE,negotiation,TRUE,complex,FALSE,,therapist_input,,other
high,36,Psychiatric Interviews for Teaching: Somatisation,https://www.youtube.com/watch?v=4-bH55MCa1U,changing approach to disease,271,client,0:14:52,Mm.,3,,,,,,,,neutral,
high,36,Psychiatric Interviews for Teaching: Somatisation,https://www.youtube.com/watch?v=4-bH55MCa1U,changing approach to disease,272,therapist,0:14:52,"- with your-your female friends once a week, and whether actually doing those sorts of things might generally-",3,TRUE,negotiation,FALSE,,FALSE,,therapist_input,,other
high,36,Psychiatric Interviews for Teaching: Somatisation,https://www.youtube.com/watch?v=4-bH55MCa1U,changing approach to disease,273,client,0:14:58,Mm.,3,,,,,,,,neutral,
high,36,Psychiatric Interviews for Teaching: Somatisation,https://www.youtube.com/watch?v=4-bH55MCa1U,changing approach to disease,274,therapist,0:14:58,- improve your quality of life. I'm also thinking about the tablets that you're taking.,3,TRUE,negotiation,FALSE,,FALSE,,therapist_input,,other
high,36,Psychiatric Interviews for Teaching: Somatisation,https://www.youtube.com/watch?v=4-bH55MCa1U,changing approach to disease,275,client,0:15:06,Mm-hmm.,3,,,,,,,,neutral,
high,36,Psychiatric Interviews for Teaching: Somatisation,https://www.youtube.com/watch?v=4-bH55MCa1U,changing approach to disease,276,therapist,0:15:06,"And the fact that you-you seem to be taking quite a lot of them, and I'm wondering whether it's worth, though, sitting and looking at them and-and maybe trying to rationalize them a little bit, and really decide which are helping you, which are doing nothing, and which may actually be making some of your symptoms worse, I guess.",3,FALSE,,TRUE,complex,FALSE,,reflection,,other
high,36,Psychiatric Interviews for Teaching: Somatisation,https://www.youtube.com/watch?v=4-bH55MCa1U,changing approach to disease,277,client,0:15:23,Hmm. Yeah.,3,,,,,,,,neutral,
high,36,Psychiatric Interviews for Teaching: Somatisation,https://www.youtube.com/watch?v=4-bH55MCa1U,changing approach to disease,278,therapist,0:15:25,"What would you think about trying that slightly different approach for say-say two or three months, just to see whether or not it makes any difference?",3,TRUE,negotiation,FALSE,,FALSE,,therapist_input,,other
high,36,Psychiatric Interviews for Teaching: Somatisation,https://www.youtube.com/watch?v=4-bH55MCa1U,changing approach to disease,279,client,0:15:36,"Well, two or three months is a long time if there is something going on. I mean, that's what happened to my mother-in-law, you know.",3,,,,,,,,sustain,
high,36,Psychiatric Interviews for Teaching: Somatisation,https://www.youtube.com/watch?v=4-bH55MCa1U,changing approach to disease,280,therapist,0:15:42,Right.,3,FALSE,,FALSE,,FALSE,,other,,other
high,36,Psychiatric Interviews for Teaching: Somatisation,https://www.youtube.com/watch?v=4-bH55MCa1U,changing approach to disease,281,client,0:15:42,They-they left her and-,3,,,,,,,,sustain,
high,36,Psychiatric Interviews for Teaching: Somatisation,https://www.youtube.com/watch?v=4-bH55MCa1U,changing approach to disease,282,therapist,0:15:43,Mm-hmm.,3,FALSE,,FALSE,,FALSE,,other,,other
high,36,Psychiatric Interviews for Teaching: Somatisation,https://www.youtube.com/watch?v=4-bH55MCa1U,changing approach to disease,283,client,0:15:43,- didn't spot it and—,3,,,,,,,,sustain,
high,36,Psychiatric Interviews for Teaching: Somatisation,https://www.youtube.com/watch?v=4-bH55MCa1U,changing approach to disease,284,therapist,0:15:47,"Well, I guess if we- if we did decide to-to work together like this-",3,TRUE,negotiation,FALSE,,FALSE,,therapist_input,,other
high,36,Psychiatric Interviews for Teaching: Somatisation,https://www.youtube.com/watch?v=4-bH55MCa1U,changing approach to disease,285,client,0:15:51,Mm-hmm.,3,,,,,,,,neutral,
high,36,Psychiatric Interviews for Teaching: Somatisation,https://www.youtube.com/watch?v=4-bH55MCa1U,changing approach to disease,286,therapist,0:15:51,"- in this new approach, I'd be seeing you regularly. We can keep an eye on your symptoms, and if they change, then we can investigate as appropriate. But if they stay the same, then, you know, we can be-",3,TRUE,negotiation,FALSE,,FALSE,,therapist_input,,other
high,36,Psychiatric Interviews for Teaching: Somatisation,https://www.youtube.com/watch?v=4-bH55MCa1U,changing approach to disease,287,client,0:16:03,Mm.,3,,,,,,,,neutral,
high,36,Psychiatric Interviews for Teaching: Somatisation,https://www.youtube.com/watch?v=4-bH55MCa1U,changing approach to disease,288,therapist,0:16:03,- pretty clear that there's nothing new happening that-that we're missing.,3,TRUE,negotiation,FALSE,,FALSE,,therapist_input,,other
high,36,Psychiatric Interviews for Teaching: Somatisation,https://www.youtube.com/watch?v=4-bH55MCa1U,changing approach to disease,289,client,0:16:08,Mm.,3,,,,,,,,neutral,
high,36,Psychiatric Interviews for Teaching: Somatisation,https://www.youtube.com/watch?v=4-bH55MCa1U,changing approach to disease,290,therapist,0:16:08,How would that sound?,3,TRUE,negotiation,FALSE,,TRUE,open,therapist_input,,q
high,36,Psychiatric Interviews for Teaching: Somatisation,https://www.youtube.com/watch?v=4-bH55MCa1U,changing approach to disease,291,client,0:16:11,"So, uh, what are you saying then? That I should come back and see you?",3,,,,,,,,change,
high,36,Psychiatric Interviews for Teaching: Somatisation,https://www.youtube.com/watch?v=4-bH55MCa1U,changing approach to disease,292,therapist,0:16:16,I think that would be a good idea. I think we've only just begun to talk about it-,3,TRUE,negotiation,FALSE,,FALSE,,therapist_input,,af
high,36,Psychiatric Interviews for Teaching: Somatisation,https://www.youtube.com/watch?v=4-bH55MCa1U,changing approach to disease,293,client,0:16:20,Mm.,3,,,,,,,,neutral,
high,36,Psychiatric Interviews for Teaching: Somatisation,https://www.youtube.com/watch?v=4-bH55MCa1U,changing approach to disease,294,therapist,0:16:20,"- and I think perhaps you need to have a bit of time to think about it and then perhaps come back. Perhaps if you're booked in for a double slot next week, and that would give us a good chunk of time to think about this new approach.",3,TRUE,negotiation,FALSE,,FALSE,,therapist_input,,other
high,36,Psychiatric Interviews for Teaching: Somatisation,https://www.youtube.com/watch?v=4-bH55MCa1U,changing approach to disease,295,client,0:16:32,Mm-hmm.,3,,,,,,,,neutral,
high,36,Psychiatric Interviews for Teaching: Somatisation,https://www.youtube.com/watch?v=4-bH55MCa1U,changing approach to disease,296,therapist,0:16:32,"And perhaps if you could also bring your-your tablets in or-or make a list of them, we can look at what you're taking and perhaps go from there. How would that sound, Barbara?",3,TRUE,negotiation,FALSE,,TRUE,open,therapist_input,,other
high,36,Psychiatric Interviews for Teaching: Somatisation,https://www.youtube.com/watch?v=4-bH55MCa1U,changing approach to disease,297,client,0:16:42,"Okay. Well, uh, to make an appointment for next week.",3,,,,,,,,change,
high,36,Psychiatric Interviews for Teaching: Somatisation,https://www.youtube.com/watch?v=4-bH55MCa1U,changing approach to disease,298,therapist,0:16:46,Yeah.,3,FALSE,,FALSE,,FALSE,,other,,other
high,36,Psychiatric Interviews for Teaching: Somatisation,https://www.youtube.com/watch?v=4-bH55MCa1U,changing approach to disease,299,client,0:16:46,And come and see you again-,3,,,,,,,,change,
high,36,Psychiatric Interviews for Teaching: Somatisation,https://www.youtube.com/watch?v=4-bH55MCa1U,changing approach to disease,300,therapist,0:16:47,Yes.,3,FALSE,,FALSE,,FALSE,,other,,other
high,36,Psychiatric Interviews for Teaching: Somatisation,https://www.youtube.com/watch?v=4-bH55MCa1U,changing approach to disease,301,client,0:16:47,#NAME?,3,,,,,,,,change,
high,36,Psychiatric Interviews for Teaching: Somatisation,https://www.youtube.com/watch?v=4-bH55MCa1U,changing approach to disease,302,therapist,0:16:48,Yes. I think so.,3,FALSE,,FALSE,,FALSE,,other,,other
high,36,Psychiatric Interviews for Teaching: Somatisation,https://www.youtube.com/watch?v=4-bH55MCa1U,changing approach to disease,303,client,0:16:49,Okay.,3,,,,,,,,change,
high,36,Psychiatric Interviews for Teaching: Somatisation,https://www.youtube.com/watch?v=4-bH55MCa1U,changing approach to disease,304,therapist,0:16:49,I think that would be a good- a good start.,3,FALSE,,FALSE,,FALSE,,other,,af
high,36,Psychiatric Interviews for Teaching: Somatisation,https://www.youtube.com/watch?v=4-bH55MCa1U,changing approach to disease,305,client,0:16:51,All right. And I'll make a list of the tablets that I'm taking.,3,,,,,,,,change,
high,36,Psychiatric Interviews for Teaching: Somatisation,https://www.youtube.com/watch?v=4-bH55MCa1U,changing approach to disease,306,therapist,0:16:54,Yeah.,3,FALSE,,FALSE,,FALSE,,other,,other
high,36,Psychiatric Interviews for Teaching: Somatisation,https://www.youtube.com/watch?v=4-bH55MCa1U,changing approach to disease,307,client,0:16:54,I won't bring all the bottles down.,3,,,,,,,,change,
high,36,Psychiatric Interviews for Teaching: Somatisation,https://www.youtube.com/watch?v=4-bH55MCa1U,changing approach to disease,308,therapist,0:16:55,Okay. All right.,3,FALSE,,FALSE,,FALSE,,other,,other
high,36,Psychiatric Interviews for Teaching: Somatisation,https://www.youtube.com/watch?v=4-bH55MCa1U,changing approach to disease,309,client,0:16:57,Okay. All right. I'll do that.,3,,,,,,,,change,
high,36,Psychiatric Interviews for Teaching: Somatisation,https://www.youtube.com/watch?v=4-bH55MCa1U,changing approach to disease,310,therapist,0:16:59,"So, shall I see you again next week?",3,FALSE,,FALSE,,TRUE,open,question,,q
high,36,Psychiatric Interviews for Teaching: Somatisation,https://www.youtube.com/watch?v=4-bH55MCa1U,changing approach to disease,311,client,0:17:00,I'll make an appointment for next week. Yes.,3,,,,,,,,change,
high,36,Psychiatric Interviews for Teaching: Somatisation,https://www.youtube.com/watch?v=4-bH55MCa1U,changing approach to disease,312,therapist,0:17:02,"Okay. All right. Thank you, Barbara.",3,FALSE,,FALSE,,FALSE,,other,,other
high,36,Psychiatric Interviews for Teaching: Somatisation,https://www.youtube.com/watch?v=4-bH55MCa1U,changing approach to disease,313,client,0:17:04,Okay. Thank you.,3,,,,,,,,neutral,
high,36,Psychiatric Interviews for Teaching: Somatisation,https://www.youtube.com/watch?v=4-bH55MCa1U,changing approach to disease,314,therapist,0:17:04,Bye-bye.,3,FALSE,,FALSE,,FALSE,,other,,other