mi_quality,transcript_id,video_title,video_url,topic,utterance_id,interlocutor,timestamp,utterance_text,annotator_id,therapist_input_exists,therapist_input_subtype,reflection_exists,reflection_subtype,question_exists,question_subtype,main_therapist_behaviour,client_talk_type,Co_cat5,
high,100,I Can't Get a Break,https://www.youtube.com/watch?v=6lq3znGhveo,reducing recidivism,0,therapist,0:00:04,"There, um, what brings you in today?",5,FALSE,,FALSE,,TRUE,open,question,,q,
high,100,I Can't Get a Break,https://www.youtube.com/watch?v=6lq3znGhveo,reducing recidivism,1,client,0:00:10,"I don't know. I'm just having a little bit of, uh, having a little bit of trouble dealing with, uh, my criminal history and, uh, you know, trying to stay on the right path, but, you know, um, it's just- it gets, you know, it gets kind of overwhelming, you know. Um, I really wanna be, you know, a good productive member of society, but at the same time, you know, I got this background that nobody will overlook, you know. So it kinda makes it like, well, what, you know, do I go back to what I know?I mean, you can only work for $5, $6, $7 an hour for so long, and it's really frustrating. It's causing, uh, some anger issues to resurface and some depression to resurface and, um, you know, and, um, I don't wanna fall back, you know.",5,,,,,,,,change,,
high,100,I Can't Get a Break,https://www.youtube.com/watch?v=6lq3znGhveo,reducing recidivism,2,therapist,0:01:04,It's really getting in the way of you becoming who you wanna be.,5,FALSE,,TRUE,complex,FALSE,,reflection,,ref,
high,100,I Can't Get a Break,https://www.youtube.com/watch?v=6lq3znGhveo,reducing recidivism,3,client,0:01:07,"Yes, it is.",5,,,,,,,,neutral,,
high,100,I Can't Get a Break,https://www.youtube.com/watch?v=6lq3znGhveo,reducing recidivism,4,therapist,0:01:08,Yeah. So what-what-what about your criminal record is blocking you from getting where you wanna be?,5,FALSE,,FALSE,,TRUE,open,question,,q,
high,100,I Can't Get a Break,https://www.youtube.com/watch?v=6lq3znGhveo,reducing recidivism,5,client,0:01:19,"I don't know what about it is, um—",5,,,,,,,,neutral,,
high,100,I Can't Get a Break,https://www.youtube.com/watch?v=6lq3znGhveo,reducing recidivism,6,therapist,0:01:22,"There's a, uh, your record has a conviction?",5,FALSE,,FALSE,,TRUE,closed,question,,q,
high,100,I Can't Get a Break,https://www.youtube.com/watch?v=6lq3znGhveo,reducing recidivism,7,client,0:01:24,Yeah. It has a felony conviction on it.,5,,,,,,,,neutral,,
high,100,I Can't Get a Break,https://www.youtube.com/watch?v=6lq3znGhveo,reducing recidivism,8,therapist,0:01:26,"Okay. Ah, there's-",5,FALSE,,TRUE,simple,FALSE,,reflection,,other,
high,100,I Can't Get a Break,https://www.youtube.com/watch?v=6lq3znGhveo,reducing recidivism,9,client,0:01:27,"And, uh—",5,,,,,,,,neutral,,
high,100,I Can't Get a Break,https://www.youtube.com/watch?v=6lq3znGhveo,reducing recidivism,10,therapist,0:01:28,#NAME?,5,FALSE,,TRUE,simple,FALSE,,reflection,,ref,
high,100,I Can't Get a Break,https://www.youtube.com/watch?v=6lq3znGhveo,reducing recidivism,11,client,0:01:29,"Yeah, it is. And it's- I hadn't anticipated that it would have been-- You know, so at the time, it was just like, ""Okay, cool. I'm not going to jail.""",5,,,,,,,,neutral,,
high,100,I Can't Get a Break,https://www.youtube.com/watch?v=6lq3znGhveo,reducing recidivism,12,therapist,0:01:40,Mm-hmm.,5,FALSE,,FALSE,,FALSE,,other,,other,
high,100,I Can't Get a Break,https://www.youtube.com/watch?v=6lq3znGhveo,reducing recidivism,13,client,0:01:41,"You know, and, um, now, it's like, okay, so this is more like a life sentence than it was a four-year sentence that they were offering. You know, I mean, I think it would have been bad either way, but, um, I hadn't anticipated that this was gonna be this difficult, especially since I went back to school and, you know, uh, got a degree and actually want to do, you know, some, um, corporate level or, you know, professional type of work.",5,,,,,,,,sustain,,
high,100,I Can't Get a Break,https://www.youtube.com/watch?v=6lq3znGhveo,reducing recidivism,14,therapist,0:02:08,"Mm-hmm. So when you, um, when you put in applications or anything like that, the felony con-conviction, whether you know it or not, seems to knock you out of the ballpark. You're not even considered as an applicant?",5,FALSE,,TRUE,complex,TRUE,closed,reflection,,q,
high,100,I Can't Get a Break,https://www.youtube.com/watch?v=6lq3znGhveo,reducing recidivism,15,client,0:02:28,"No, I'm not. Um, in situations where I don't know about it, I don't know about, I mean, if I'm not considered because of that, I probably-- Um, you know, that sucks too. Don't get me wrong. I mean, I-I don't- I don't get callbacks a lot because of that issue-",5,,,,,,,,neutral,,
high,100,I Can't Get a Break,https://www.youtube.com/watch?v=6lq3znGhveo,reducing recidivism,16,therapist,0:02:47,"Mm-hmm, mm-hmm.",5,FALSE,,FALSE,,FALSE,,other,,other,
high,100,I Can't Get a Break,https://www.youtube.com/watch?v=6lq3znGhveo,reducing recidivism,17,client,0:02:47,"- I'm sure. The ones that really count are-are-are, you know, are kind of just, you know, uh, making me so angry and, you know, kind of spilling over into the rest of my life or the ones that I get face face, especially after a really good interview. And, you know, most of the times, I interview extremely well. And, um, it's, you know, I get the vibe that the job is offered almost halfway through the interview because, you know, they start telling me about what I'll be doing and what I'll be getting.And then, you know, when it comes to sign on the paperwork and I believe in honesty, so I tell them, you know, hey, look, this is what you're gonna find, you know, and, um, try to explain it. It's just-it's almost like night and day.",5,,,,,,,,neutral,,
high,100,I Can't Get a Break,https://www.youtube.com/watch?v=6lq3znGhveo,reducing recidivism,18,therapist,0:03:30,Mm-hmm.,5,FALSE,,FALSE,,FALSE,,other,,other,
high,100,I Can't Get a Break,https://www.youtube.com/watch?v=6lq3znGhveo,reducing recidivism,19,client,0:03:30,"Black and white. It just stops right there. ""I'm sorry. I can't really do much for you. I-- You have to go,"" you know, and it's—",5,,,,,,,,neutral,,
high,100,I Can't Get a Break,https://www.youtube.com/watch?v=6lq3znGhveo,reducing recidivism,20,therapist,0:03:37,"So do you- do you, um, put out there about the felony conviction before you even go for the interview?",5,TRUE,advice,FALSE,,TRUE,closed,therapist_input,,q,
high,100,I Can't Get a Break,https://www.youtube.com/watch?v=6lq3znGhveo,reducing recidivism,21,client,0:03:48,"No. I mean, there's different situations, you know. Sometimes they ask and, you know, I'll say something like, you know, ""We'll discuss at interview"". Uh, sometimes, there are situations where if I probably put that, I don't get a callback and those situations I don't know about. You know, but there are also times where I get an interview through, um, you know, uh, uh, some sort of connection or something, or like a buddy of mine or a family member will send me on an interview. You know, I don't have to fill it out- fill out an application for that. They just usually, you know, give you the interview. And at the end-",5,,,,,,,,neutral,,
high,100,I Can't Get a Break,https://www.youtube.com/watch?v=6lq3znGhveo,reducing recidivism,22,therapist,0:04:22,Seems like it's a done deal.,5,FALSE,,TRUE,simple,FALSE,,reflection,,ref,
high,100,I Can't Get a Break,https://www.youtube.com/watch?v=6lq3znGhveo,reducing recidivism,23,client,0:04:23,Yeah. It seems like it's a done deal. You just have to go through the motion of having the interview. And then-,5,,,,,,,,neutral,,
high,100,I Can't Get a Break,https://www.youtube.com/watch?v=6lq3znGhveo,reducing recidivism,24,therapist,0:04:27,Mm-hmm.,5,FALSE,,FALSE,,FALSE,,other,,ref,
high,100,I Can't Get a Break,https://www.youtube.com/watch?v=6lq3znGhveo,reducing recidivism,25,client,0:04:27,"-when I go through the interview and it goes well, and they're like, ""Okay, well, you know, I think we can do something"" and then, ""Here, sign this, sign that,"" and the other thing. And it's like, but we just had a great, you know, I mean, I qualify. Like what does that have to-- Seven years ago, six years ago, what does it have to do with anything? Now, especially because, you know, the type of conviction, it wasn't a non- it wasn't a violent conviction. It's not like I'm a danger to the staff around me. It's not like it's a, you know, a theft type of thing. It was, you know, it was a possession, you know what I mean?",5,,,,,,,,neutral,,
high,100,I Can't Get a Break,https://www.youtube.com/watch?v=6lq3znGhveo,reducing recidivism,26,therapist,0:04:59,Mm-hmm.,5,FALSE,,FALSE,,FALSE,,other,,other,
high,100,I Can't Get a Break,https://www.youtube.com/watch?v=6lq3znGhveo,reducing recidivism,27,client,0:04:59,And,5,,,,,,,,neutral,,
high,100,I Can't Get a Break,https://www.youtube.com/watch?v=6lq3znGhveo,reducing recidivism,28,therapist,0:05:00,So you didn't hurt anybody.,5,FALSE,,TRUE,simple,FALSE,,reflection,,ref,
high,100,I Can't Get a Break,https://www.youtube.com/watch?v=6lq3znGhveo,reducing recidivism,29,client,0:05:02,"No, I didn't.",5,,,,,,,,neutral,,
high,100,I Can't Get a Break,https://www.youtube.com/watch?v=6lq3znGhveo,reducing recidivism,30,therapist,0:05:03,"You didn't hurt anything, right?",5,FALSE,,TRUE,simple,TRUE,closed,reflection,,q,
high,100,I Can't Get a Break,https://www.youtube.com/watch?v=6lq3znGhveo,reducing recidivism,31,client,0:05:05,It's really frustrating because-,5,,,,,,,,neutral,,
high,100,I Can't Get a Break,https://www.youtube.com/watch?v=6lq3znGhveo,reducing recidivism,32,therapist,0:05:06,Yeah.,5,FALSE,,FALSE,,FALSE,,other,,other,
high,100,I Can't Get a Break,https://www.youtube.com/watch?v=6lq3znGhveo,reducing recidivism,33,client,0:05:07,"-it's almost like I-I don't wanna give up, but it's like, I'm not given any other choice, you know?",5,,,,,,,,sustain,,
high,100,I Can't Get a Break,https://www.youtube.com/watch?v=6lq3znGhveo,reducing recidivism,34,therapist,0:05:14,"Yeah, 'cause you're-you're, especially with going back to school and having done all that footwork and stuff. I mean, you really have something to offer somebody.",5,FALSE,,TRUE,complex,FALSE,,reflection,,ref,
high,100,I Can't Get a Break,https://www.youtube.com/watch?v=6lq3znGhveo,reducing recidivism,35,client,0:05:24,"I do, yeah.",5,,,,,,,,change,,
high,100,I Can't Get a Break,https://www.youtube.com/watch?v=6lq3znGhveo,reducing recidivism,36,therapist,0:05:25,"Yeah. And, um, and at the time the big crisis was actually maybe prison and all the crisis around the arrest and-and, uh, you know, it's like you're a leper and the leper colony.",5,FALSE,,TRUE,complex,FALSE,,reflection,,ref,
high,100,I Can't Get a Break,https://www.youtube.com/watch?v=6lq3znGhveo,reducing recidivism,37,client,0:05:39,Mm-hmm.,5,,,,,,,,neutral,,
high,100,I Can't Get a Break,https://www.youtube.com/watch?v=6lq3znGhveo,reducing recidivism,38,therapist,0:05:40,"Um, have there been any times when you've started the interview with that conversation so that you don't even have to go through the whole thing and then get rejected?",5,TRUE,advice,FALSE,,TRUE,closed,therapist_input,,q,
high,100,I Can't Get a Break,https://www.youtube.com/watch?v=6lq3znGhveo,reducing recidivism,39,client,0:05:57,"Not that I can think of, no.",5,,,,,,,,neutral,,
high,100,I Can't Get a Break,https://www.youtube.com/watch?v=6lq3znGhveo,reducing recidivism,40,therapist,0:05:58,Mm-hmm.,5,FALSE,,FALSE,,FALSE,,other,,other,
high,100,I Can't Get a Break,https://www.youtube.com/watch?v=6lq3znGhveo,reducing recidivism,41,client,0:05:59,I think—,5,,,,,,,,neutral,,
high,100,I Can't Get a Break,https://www.youtube.com/watch?v=6lq3znGhveo,reducing recidivism,42,therapist,0:05:59,What do you think would happen if you did that?,5,TRUE,options,FALSE,,TRUE,open,therapist_input,,q,
high,100,I Can't Get a Break,https://www.youtube.com/watch?v=6lq3znGhveo,reducing recidivism,43,client,0:06:03,Probably get booted out right away-,5,,,,,,,,neutral,,
high,100,I Can't Get a Break,https://www.youtube.com/watch?v=6lq3znGhveo,reducing recidivism,44,therapist,0:06:04,Mm-hmm.,5,FALSE,,FALSE,,FALSE,,other,,other,
high,100,I Can't Get a Break,https://www.youtube.com/watch?v=6lq3znGhveo,reducing recidivism,45,client,0:06:05,#NAME?,5,,,,,,,,sustain,,
high,100,I Can't Get a Break,https://www.youtube.com/watch?v=6lq3znGhveo,reducing recidivism,46,therapist,0:06:07,"Would that be, um, what would they be like versus getting through this great interview, knowing you're-you're good for the job and all that kind of stuff, and then they boot you out?",5,TRUE,advice,FALSE,,TRUE,open,therapist_input,,q,
high,100,I Can't Get a Break,https://www.youtube.com/watch?v=6lq3znGhveo,reducing recidivism,47,client,0:06:22,"Well, it's-it's sucks either way. You know what I mean?",5,,,,,,,,neutral,,
high,100,I Can't Get a Break,https://www.youtube.com/watch?v=6lq3znGhveo,reducing recidivism,48,therapist,0:06:23,"Mm-hmm. It's, uh, I mean the lesser of two evils is that what we're getting at-",5,TRUE,advice,FALSE,,FALSE,,therapist_input,,q,
high,100,I Can't Get a Break,https://www.youtube.com/watch?v=6lq3znGhveo,reducing recidivism,49,client,0:06:30,Mm-hmm.,5,,,,,,,,neutral,,
high,100,I Can't Get a Break,https://www.youtube.com/watch?v=6lq3znGhveo,reducing recidivism,50,client,0:06:30,"-you know what I mean? If it's gonna make things more efficient like as if-if you're what you're trying to say is if that's something that I could do and then if they get past it, then now I know that there's an actual intention by the hiring people to hire me.",5,,,,,,,,neutral,,
high,100,I Can't Get a Break,https://www.youtube.com/watch?v=6lq3znGhveo,reducing recidivism,51,therapist,0:06:50,"Right. If that's a deal-breaker and you both know it from the very beginning, I'm wondering if then really the interview is really something else. I mean, whether they get the job would truly be based on the interview and not-not your criminal record.",5,TRUE,advice,FALSE,,FALSE,,therapist_input,,other,
high,100,I Can't Get a Break,https://www.youtube.com/watch?v=6lq3znGhveo,reducing recidivism,52,client,0:07:07,"Yeah, I think as far as maybe efficiency, you know, weeding out the things, not wasting my time, you know, but I had to tell you something, a lot of the people that don't care about that type of thing-",5,,,,,,,,neutral,,
high,100,I Can't Get a Break,https://www.youtube.com/watch?v=6lq3znGhveo,reducing recidivism,53,therapist,0:07:18,Mm-hmm.,5,FALSE,,FALSE,,FALSE,,other,,other,
high,100,I Can't Get a Break,https://www.youtube.com/watch?v=6lq3znGhveo,reducing recidivism,54,client,0:07:19,"-are not the sort of jobs that I really wanna be doing. You know what I mean? Um, I don't know, it's just really frustrating.",5,,,,,,,,sustain,,
high,100,I Can't Get a Break,https://www.youtube.com/watch?v=6lq3znGhveo,reducing recidivism,55,therapist,0:07:28,"Not like you're working for the government or for a bank or, you know, the FBI where- those are not things you're applying for. They're jobs where you would wonder why a-a non-violent felony would even--",5,FALSE,,TRUE,complex,FALSE,,reflection,,ref,
high,100,I Can't Get a Break,https://www.youtube.com/watch?v=6lq3znGhveo,reducing recidivism,56,client,0:07:45,Be an issue.,5,,,,,,,,neutral,,
high,100,I Can't Get a Break,https://www.youtube.com/watch?v=6lq3znGhveo,reducing recidivism,57,therapist,0:07:46,Right.,5,FALSE,,FALSE,,FALSE,,other,,other,
high,100,I Can't Get a Break,https://www.youtube.com/watch?v=6lq3znGhveo,reducing recidivism,58,client,0:07:47,"Right, and then the other thing is anybody that I might tell that to-",5,,,,,,,,neutral,,
high,100,I Can't Get a Break,https://www.youtube.com/watch?v=6lq3znGhveo,reducing recidivism,59,therapist,0:07:52,Mm-hmm.,5,FALSE,,FALSE,,FALSE,,other,,other,
high,100,I Can't Get a Break,https://www.youtube.com/watch?v=6lq3znGhveo,reducing recidivism,60,client,0:07:53,-that doesn't care-,5,,,,,,,,neutral,,
high,100,I Can't Get a Break,https://www.youtube.com/watch?v=6lq3znGhveo,reducing recidivism,61,therapist,0:07:53,Mm-hmm.,5,FALSE,,FALSE,,FALSE,,other,,other,
high,100,I Can't Get a Break,https://www.youtube.com/watch?v=6lq3znGhveo,reducing recidivism,62,client,0:07:54,#NAME?,5,,,,,,,,neutral,,
high,100,I Can't Get a Break,https://www.youtube.com/watch?v=6lq3znGhveo,reducing recidivism,63,therapist,0:08:00,"Mm-hmm, you didn't go to college for that.",5,FALSE,,TRUE,complex,FALSE,,reflection,,ref,
high,100,I Can't Get a Break,https://www.youtube.com/watch?v=6lq3znGhveo,reducing recidivism,64,client,0:08:02,Right.,5,,,,,,,,neutral,,
high,100,I Can't Get a Break,https://www.youtube.com/watch?v=6lq3znGhveo,reducing recidivism,65,therapist,0:08:03,Mm.,5,FALSE,,FALSE,,FALSE,,other,,other,
high,100,I Can't Get a Break,https://www.youtube.com/watch?v=6lq3znGhveo,reducing recidivism,66,client,0:08:03,"Do you know what I mean? If I want to work at a moving company and I tell them off the bat, you know, from the gate, I tell them I have a felony conviction, just so you know before the interview and they don't really mind. I mean, that's great, you know, but at the same time, I don't- I'm not looking to be a mover or-",5,,,,,,,,neutral,,
high,100,I Can't Get a Break,https://www.youtube.com/watch?v=6lq3znGhveo,reducing recidivism,67,therapist,0:08:18,Mm-hmm.,5,FALSE,,FALSE,,FALSE,,other,,other,
high,100,I Can't Get a Break,https://www.youtube.com/watch?v=6lq3znGhveo,reducing recidivism,68,client,0:08:19,"-a burger flipper or something like that. Not that there's anything wrong with it, but I feel like I have a little bit more to offer-",5,,,,,,,,neutral,,
high,100,I Can't Get a Break,https://www.youtube.com/watch?v=6lq3znGhveo,reducing recidivism,69,therapist,0:08:24,Mm-hmm.,5,FALSE,,FALSE,,FALSE,,other,,other,
high,100,I Can't Get a Break,https://www.youtube.com/watch?v=6lq3znGhveo,reducing recidivism,70,client,0:08:25,"-you know, and, um, I don't know, it's a really, it's-it's like being caught between a rock and a hard place.",5,,,,,,,,neutral,,
high,100,I Can't Get a Break,https://www.youtube.com/watch?v=6lq3znGhveo,reducing recidivism,71,therapist,0:08:31,"Mm-hmm. So, what have you looked into about, um, you know, advocacy in that area or expungement or anything like that?",5,TRUE,options,FALSE,,TRUE,open,therapist_input,,q,
high,100,I Can't Get a Break,https://www.youtube.com/watch?v=6lq3znGhveo,reducing recidivism,72,client,0:08:42,"I have done, and my eyes have, you know, just become like mush after all the reading I've done on this situation.",5,,,,,,,,neutral,,
high,100,I Can't Get a Break,https://www.youtube.com/watch?v=6lq3znGhveo,reducing recidivism,73,therapist,0:08:52,What did you find out?,5,FALSE,,FALSE,,TRUE,open,question,,q,
high,100,I Can't Get a Break,https://www.youtube.com/watch?v=6lq3znGhveo,reducing recidivism,74,client,0:08:53,"I found out that I have the type of, um, felony that's expungable, I don't even have the type that's sealable. I have apparently the type that has to go on the governor's desk next to death row, you know, inmates or the candidates for, um, a gov- a governor's, uh, pardon. I-- That's what it all boils down to is that I have a class one felony-",5,,,,,,,,neutral,,
high,100,I Can't Get a Break,https://www.youtube.com/watch?v=6lq3znGhveo,reducing recidivism,75,therapist,0:09:24,Uh-huh.,5,FALSE,,FALSE,,FALSE,,other,,other,
high,100,I Can't Get a Break,https://www.youtube.com/watch?v=6lq3znGhveo,reducing recidivism,76,client,0:09:24,"-that needs to be, if any, you know, options, the only option I have is for, um, governor's clemency and I can't figure out why because it's-it's, I mean, I just, I maybe there is a loophole somewhere, I don't know.",5,,,,,,,,neutral,,
high,100,I Can't Get a Break,https://www.youtube.com/watch?v=6lq3znGhveo,reducing recidivism,77,therapist,0:09:43,"I-I didn't know that. So I, you know, I know a little bit about it, um, and not, yeah. So that's-that's very interesting. Oh, what about advocacy groups?",5,TRUE,options,FALSE,,TRUE,closed,therapist_input,,q,
high,100,I Can't Get a Break,https://www.youtube.com/watch?v=6lq3znGhveo,reducing recidivism,78,client,0:09:54,"I've looked into, um, a fe- um, I've looked into a few groups that are supposedly helping convicted felons get-",5,,,,,,,,neutral,,
high,100,I Can't Get a Break,https://www.youtube.com/watch?v=6lq3znGhveo,reducing recidivism,79,therapist,0:10:06,Mm-hmm.,5,FALSE,,FALSE,,FALSE,,other,,other,
high,100,I Can't Get a Break,https://www.youtube.com/watch?v=6lq3znGhveo,reducing recidivism,80,client,0:10:06,#NAME?,5,,,,,,,,neutral,,
high,100,I Can't Get a Break,https://www.youtube.com/watch?v=6lq3znGhveo,reducing recidivism,81,therapist,0:10:07,Mm-hmm.,5,FALSE,,FALSE,,FALSE,,other,,other,
high,100,I Can't Get a Break,https://www.youtube.com/watch?v=6lq3znGhveo,reducing recidivism,82,client,0:10:08,"Um, again, the-the only-- I mean, I think what I saw was a whole bunch of, you know, dead end jobs.",5,,,,,,,,neutral,,
high,100,I Can't Get a Break,https://www.youtube.com/watch?v=6lq3znGhveo,reducing recidivism,83,therapist,0:10:18,Mm-hmm.,5,FALSE,,FALSE,,FALSE,,other,,other,
high,100,I Can't Get a Break,https://www.youtube.com/watch?v=6lq3znGhveo,reducing recidivism,84,client,0:10:19,"And the other thing that I saw was that it was very politically charged. You know, I didn't think that, um, I was, uh, you know, allowed to kind of get an interview right away with one of those counselors that they offer. Um, I-- it just didn't seem like a type of place that was willing to help, you know. And-and, uh, I saw that there was a lot of, um, I wouldn't say racism but I would say a little bit of racial favor, I suppose. And, uh, I found it really hard to get in and to get an interview with a counselor to match me up with a job. Um, I think that those-those types of groups are cool if they work. I just haven't had any luck with, um- at working with- through that group.",5,,,,,,,,neutral,,
high,100,I Can't Get a Break,https://www.youtube.com/watch?v=6lq3znGhveo,reducing recidivism,85,therapist,0:11:04,Mm-hmm.,5,FALSE,,FALSE,,FALSE,,other,,other,
high,100,I Can't Get a Break,https://www.youtube.com/watch?v=6lq3znGhveo,reducing recidivism,86,client,0:11:04,You know?,5,,,,,,,,neutral,,
high,100,I Can't Get a Break,https://www.youtube.com/watch?v=6lq3znGhveo,reducing recidivism,87,therapist,0:11:04,Mm-hmm.,5,FALSE,,FALSE,,FALSE,,other,,other,
high,100,I Can't Get a Break,https://www.youtube.com/watch?v=6lq3znGhveo,reducing recidivism,88,client,0:11:05,"Um, you know, I don't know. I don't know if there's anything else out there.",5,,,,,,,,neutral,,
high,100,I Can't Get a Break,https://www.youtube.com/watch?v=6lq3znGhveo,reducing recidivism,89,therapist,0:11:11,Mm-hmm. So you're-you're Middle Eastern. So you wonder-- I-I bet you've had experiences where you really have experienced some absolute racism and prejudice because of that.,5,FALSE,,TRUE,complex,FALSE,,reflection,,other,
high,100,I Can't Get a Break,https://www.youtube.com/watch?v=6lq3znGhveo,reducing recidivism,90,client,0:11:26,Mm-hmm.,5,,,,,,,,neutral,,
high,100,I Can't Get a Break,https://www.youtube.com/watch?v=6lq3znGhveo,reducing recidivism,91,therapist,0:11:27,"And then, um, you walk into these places and they might just be almost storefront-",5,FALSE,,TRUE,complex,FALSE,,reflection,,other,
high,100,I Can't Get a Break,https://www.youtube.com/watch?v=6lq3znGhveo,reducing recidivism,92,client,0:11:34,Mm-hmm.,5,,,,,,,,neutral,,
high,100,I Can't Get a Break,https://www.youtube.com/watch?v=6lq3znGhveo,reducing recidivism,93,therapist,0:11:34,#NAME?,5,TRUE,information,TRUE,complex,FALSE,,therapist_input,,other,
high,100,I Can't Get a Break,https://www.youtube.com/watch?v=6lq3znGhveo,reducing recidivism,94,client,0:11:42,"Right. It's-it's, uh-- There is a lot stacked up against me.",5,,,,,,,,neutral,,
high,100,I Can't Get a Break,https://www.youtube.com/watch?v=6lq3znGhveo,reducing recidivism,95,therapist,0:11:46,Mm-hmm.,5,FALSE,,FALSE,,FALSE,,other,,other,
high,100,I Can't Get a Break,https://www.youtube.com/watch?v=6lq3znGhveo,reducing recidivism,96,client,0:11:46,Let's just put it like that.,5,,,,,,,,neutral,,
high,100,I Can't Get a Break,https://www.youtube.com/watch?v=6lq3znGhveo,reducing recidivism,97,therapist,0:11:48,Mm-hmm. Mm-hmm.,5,FALSE,,FALSE,,FALSE,,other,,other,
high,100,I Can't Get a Break,https://www.youtube.com/watch?v=6lq3znGhveo,reducing recidivism,98,client,0:11:48,"You know, uh, but that isn't—",5,,,,,,,,neutral,,
high,100,I Can't Get a Break,https://www.youtube.com/watch?v=6lq3znGhveo,reducing recidivism,99,therapist,0:11:51,What do you have going for you?,5,FALSE,,FALSE,,TRUE,open,question,,q,
high,100,I Can't Get a Break,https://www.youtube.com/watch?v=6lq3znGhveo,reducing recidivism,100,client,0:11:53,"Well, that's what-- yeah. That's-- I mean, uh, I'm able to, um-- I'm able to carry a conversation.",5,,,,,,,,neutral,,
high,100,I Can't Get a Break,https://www.youtube.com/watch?v=6lq3znGhveo,reducing recidivism,101,therapist,0:12:03,Mm-hmm.,5,FALSE,,FALSE,,FALSE,,other,,other,
high,100,I Can't Get a Break,https://www.youtube.com/watch?v=6lq3znGhveo,reducing recidivism,102,client,0:12:04,"So at some point, I would imagine that maybe I strike up conversation with the right person-",5,,,,,,,,neutral,,
high,100,I Can't Get a Break,https://www.youtube.com/watch?v=6lq3znGhveo,reducing recidivism,103,therapist,0:12:10,Mm-hmm.,5,FALSE,,FALSE,,FALSE,,other,,other,
high,100,I Can't Get a Break,https://www.youtube.com/watch?v=6lq3znGhveo,reducing recidivism,104,client,0:12:10,"-that would probably want to hire me regardless of that sort of thing. Um, I think that at the this point in time, that it doesn't really matter what degree you have. I don't believe that it matters where you went to school. I think it's all about who you know. You know, we live in a very politically charged city. And I think that even if we didn't live in a politically charged city, at this point, jobs are so scarce that people who know people who know people are the ones that are ending up, um, at work-",5,,,,,,,,neutral,,
high,100,I Can't Get a Break,https://www.youtube.com/watch?v=6lq3znGhveo,reducing recidivism,105,therapist,0:12:40,Mm-hmm.,5,FALSE,,FALSE,,FALSE,,other,,other,
high,100,I Can't Get a Break,https://www.youtube.com/watch?v=6lq3znGhveo,reducing recidivism,106,client,0:12:40,"-and getting jobs. And I think that, um, if I continue to, you know, go to school and, uh, you know, uh, get time from that felony, you know. So it's been seven years now and—",5,,,,,,,,change,,
high,100,I Can't Get a Break,https://www.youtube.com/watch?v=6lq3znGhveo,reducing recidivism,107,therapist,0:12:55,It's a long time.,5,FALSE,,TRUE,simple,FALSE,,reflection,,other,
high,100,I Can't Get a Break,https://www.youtube.com/watch?v=6lq3znGhveo,reducing recidivism,108,client,0:12:55,"Yeah. And at some point, I probably don't even have to report it, you know, and I have that going for me. It's been seven years. I have the fact that I'm, you know, uh, good at, um, interaction with people, that's good.",5,,,,,,,,neutral,,
high,100,I Can't Get a Break,https://www.youtube.com/watch?v=6lq3znGhveo,reducing recidivism,109,therapist,0:13:07,Mm-hmm.,5,FALSE,,FALSE,,FALSE,,other,,other,
high,100,I Can't Get a Break,https://www.youtube.com/watch?v=6lq3znGhveo,reducing recidivism,110,client,0:13:07,"You know, um, I've been clean from that sort of lifestyle for that long so that's-that's-that's up for me, you know, that's-that's good. Um—",5,,,,,,,,change,,
high,100,I Can't Get a Break,https://www.youtube.com/watch?v=6lq3znGhveo,reducing recidivism,111,therapist,0:13:17,And you can- you can prove that and document that.,5,FALSE,,TRUE,simple,FALSE,,reflection,,other,
high,100,I Can't Get a Break,https://www.youtube.com/watch?v=6lq3znGhveo,reducing recidivism,112,client,0:13:20,Yeah.,5,,,,,,,,neutral,,
high,100,I Can't Get a Break,https://www.youtube.com/watch?v=6lq3znGhveo,reducing recidivism,113,therapist,0:13:20,Yeah. A lot of folks can't.,5,TRUE,information,FALSE,,FALSE,,therapist_input,,other,
high,100,I Can't Get a Break,https://www.youtube.com/watch?v=6lq3znGhveo,reducing recidivism,114,client,0:13:23,They don't.,5,,,,,,,,neutral,,
high,100,I Can't Get a Break,https://www.youtube.com/watch?v=6lq3znGhveo,reducing recidivism,115,therapist,0:13:23,"Yeah. And you've been going to school. I mean, all-all your movement is in this really positive, highly motivated way. And, um- and I think your-your thoughts and ideas about the fact that one day a conversation will- you'll strike up with somebody and it will happen to be with somebody who works for a company that perhaps does not have a policy against hiring people with felony convictions.",5,TRUE,advice,TRUE,simple,FALSE,,therapist_input,,other,
high,100,I Can't Get a Break,https://www.youtube.com/watch?v=6lq3znGhveo,reducing recidivism,116,client,0:13:54,"Yeah. Well, that's my hope.",5,,,,,,,,neutral,,
high,100,I Can't Get a Break,https://www.youtube.com/watch?v=6lq3znGhveo,reducing recidivism,117,therapist,0:13:55,It's individual. Yeah.,5,FALSE,,TRUE,simple,FALSE,,reflection,,ref,
high,100,I Can't Get a Break,https://www.youtube.com/watch?v=6lq3znGhveo,reducing recidivism,118,client,0:13:56,Yeah. That's my hope.,5,,,,,,,,neutral,,
high,100,I Can't Get a Break,https://www.youtube.com/watch?v=6lq3znGhveo,reducing recidivism,119,therapist,0:13:57,It-it is individual.,5,FALSE,,TRUE,simple,FALSE,,reflection,,ref,
high,100,I Can't Get a Break,https://www.youtube.com/watch?v=6lq3znGhveo,reducing recidivism,120,client,0:13:59,"It is. It should be. You know, I-I—",5,,,,,,,,neutral,,
high,100,I Can't Get a Break,https://www.youtube.com/watch?v=6lq3znGhveo,reducing recidivism,121,therapist,0:14:01,It-- I believe it is.,5,TRUE,information,FALSE,,FALSE,,therapist_input,,other,
high,100,I Can't Get a Break,https://www.youtube.com/watch?v=6lq3znGhveo,reducing recidivism,122,client,0:14:02,Yeah.,5,,,,,,,,neutral,,
high,100,I Can't Get a Break,https://www.youtube.com/watch?v=6lq3znGhveo,reducing recidivism,123,therapist,0:14:03,"There's no-- I don't think, any State or federal law that says.",5,TRUE,information,FALSE,,FALSE,,therapist_input,,other,
high,100,I Can't Get a Break,https://www.youtube.com/watch?v=6lq3znGhveo,reducing recidivism,124,client,0:14:08,"No, no. It is an individual but you're right. Yeah. It's—",5,,,,,,,,neutral,,
high,100,I Can't Get a Break,https://www.youtube.com/watch?v=6lq3znGhveo,reducing recidivism,125,therapist,0:14:10,Okay.,5,FALSE,,FALSE,,FALSE,,other,,other,
high,100,I Can't Get a Break,https://www.youtube.com/watch?v=6lq3znGhveo,reducing recidivism,126,client,0:14:11,But here's the thing is—,5,,,,,,,,neutral,,
high,100,I Can't Get a Break,https://www.youtube.com/watch?v=6lq3znGhveo,reducing recidivism,127,therapist,0:14:12,"Right person, right company-",5,FALSE,,TRUE,simple,FALSE,,reflection,,ref,
high,100,I Can't Get a Break,https://www.youtube.com/watch?v=6lq3znGhveo,reducing recidivism,128,client,0:14:14,Right.,5,,,,,,,,neutral,,
high,100,I Can't Get a Break,https://www.youtube.com/watch?v=6lq3znGhveo,reducing recidivism,129,therapist,0:14:14,-we're looking for here. Yeah.,5,FALSE,,TRUE,simple,FALSE,,reflection,,ref,
high,100,I Can't Get a Break,https://www.youtube.com/watch?v=6lq3znGhveo,reducing recidivism,130,client,0:14:16,"The thing is after, you know, after the 9/11 attacks, a lot of companies have blindly implemented, you know, those types of situa- and-and there's no- there isn't, at this point-- I mean, I don't think, at this point, there is no real sure fire way to find out what those reports are, you know, accurate or not. I mean, there's a lot of situations where people's reports are not even accurate about their criminal background.",5,,,,,,,,neutral,,
high,100,I Can't Get a Break,https://www.youtube.com/watch?v=6lq3znGhveo,reducing recidivism,131,therapist,0:14:41,Mm-hmm.,5,FALSE,,FALSE,,FALSE,,other,,other,
high,100,I Can't Get a Break,https://www.youtube.com/watch?v=6lq3znGhveo,reducing recidivism,132,client,0:14:42,I think that-,5,,,,,,,,neutral,,
high,100,I Can't Get a Break,https://www.youtube.com/watch?v=6lq3znGhveo,reducing recidivism,133,therapist,0:14:42,Mm-hmm.,5,FALSE,,FALSE,,FALSE,,other,,other,
high,100,I Can't Get a Break,https://www.youtube.com/watch?v=6lq3znGhveo,reducing recidivism,134,client,0:14:42,"-blindly, people have implemented those types of, um, measures and they don't have any efficiency with them because they don't- you know, I mean, everybody is offering background checks now and stuff like that. And I'm- that's one of the things that I'm afraid of is that people are implementing all these security security measures, but they don't really know if the reports are even accurate, you know.",5,,,,,,,,neutral,,
high,100,I Can't Get a Break,https://www.youtube.com/watch?v=6lq3znGhveo,reducing recidivism,135,therapist,0:15:04,I wonder what it'd be like if you ran your own background check and got the report to see what's in there.,5,TRUE,options,FALSE,,FALSE,,therapist_input,,other,
high,100,I Can't Get a Break,https://www.youtube.com/watch?v=6lq3znGhveo,reducing recidivism,136,client,0:15:10,I have.,5,,,,,,,,neutral,,
high,100,I Can't Get a Break,https://www.youtube.com/watch?v=6lq3znGhveo,reducing recidivism,137,therapist,0:15:11,"Oh, you do?",5,FALSE,,TRUE,simple,TRUE,closed,question,,q,
high,100,I Can't Get a Break,https://www.youtube.com/watch?v=6lq3znGhveo,reducing recidivism,138,client,0:15:12,"Yeah, I do. I have one and, uh, um.",5,,,,,,,,neutral,,
high,100,I Can't Get a Break,https://www.youtube.com/watch?v=6lq3znGhveo,reducing recidivism,139,therapist,0:15:16,Good for you doing that.,5,FALSE,,TRUE,complex,FALSE,,reflection,,af,
high,100,I Can't Get a Break,https://www.youtube.com/watch?v=6lq3znGhveo,reducing recidivism,140,client,0:15:17,"Right, yeah.",5,,,,,,,,neutral,,
high,100,I Can't Get a Break,https://www.youtube.com/watch?v=6lq3znGhveo,reducing recidivism,141,therapist,0:15:17,Yeah. Smart.,5,FALSE,,TRUE,simple,FALSE,,reflection,,af,
high,100,I Can't Get a Break,https://www.youtube.com/watch?v=6lq3znGhveo,reducing recidivism,142,client,0:15:19,"Yeah. Thank you. I don't know. I'm just, I guess-",5,,,,,,,,neutral,,
high,100,I Can't Get a Break,https://www.youtube.com/watch?v=6lq3znGhveo,reducing recidivism,143,therapist,0:15:23,Discouraged.,5,FALSE,,TRUE,complex,FALSE,,reflection,,ref,
high,100,I Can't Get a Break,https://www.youtube.com/watch?v=6lq3znGhveo,reducing recidivism,144,client,0:15:24,-what I'm really—,5,,,,,,,,neutral,,
high,100,I Can't Get a Break,https://www.youtube.com/watch?v=6lq3znGhveo,reducing recidivism,145,therapist,0:15:25,"Discouraged, yeah.",5,FALSE,,TRUE,complex,FALSE,,reflection,,ref,
high,100,I Can't Get a Break,https://www.youtube.com/watch?v=6lq3znGhveo,reducing recidivism,146,client,0:15:25,"Yeah, I'm really here because I think I'm- I-I- It's a very dangerous area for me when I'm discouraged because-",5,,,,,,,,neutral,,
high,100,I Can't Get a Break,https://www.youtube.com/watch?v=6lq3znGhveo,reducing recidivism,147,therapist,0:15:32,Mm-hmm.,5,FALSE,,FALSE,,FALSE,,other,,other,
high,100,I Can't Get a Break,https://www.youtube.com/watch?v=6lq3znGhveo,reducing recidivism,148,client,0:15:33,"-you know, all the- despite all the good things that I have going for me, the only thing that's loud and clear are the things that I don't have going for me.",5,,,,,,,,neutral,,
high,100,I Can't Get a Break,https://www.youtube.com/watch?v=6lq3znGhveo,reducing recidivism,149,therapist,0:15:44,Mm-hmm.,5,FALSE,,FALSE,,FALSE,,other,,other,
high,100,I Can't Get a Break,https://www.youtube.com/watch?v=6lq3znGhveo,reducing recidivism,150,client,0:15:44,If that makes any sense.,5,,,,,,,,neutral,,
high,100,I Can't Get a Break,https://www.youtube.com/watch?v=6lq3znGhveo,reducing recidivism,151,therapist,0:15:46,"Uh, yeah, it does. Uh, I am yet to- it-it seems to me just in this time we've been talking together that you, um, um, do have a sense that a lot of it has to do-do with, uh, timing, luck, who you know, and being, are you able to have that conversation where you know that you can sell yourself and your skills and, um, and your competencies and the fact that you've overcome so many things like, um, substance abuse problem and, uh, have been, you know, uh, a good upstanding citizen all this time. Um, to me, if I were an employer, you know, I would- I would be impressed with that.",5,FALSE,,TRUE,complex,FALSE,,reflection,,sum,
high,100,I Can't Get a Break,https://www.youtube.com/watch?v=6lq3znGhveo,reducing recidivism,152,client,0:16:35,Thank you.,5,,,,,,,,neutral,,
high,100,I Can't Get a Break,https://www.youtube.com/watch?v=6lq3znGhveo,reducing recidivism,153,therapist,0:16:37,"Uh-- You're welcome. And- so what about, um, I know I had a client that told me a couple of things. He was doing some work on this, uh, if you- if you'd be interested I could tell you what he shared with me.",5,TRUE,information,FALSE,,FALSE,,therapist_input,,other,
high,100,I Can't Get a Break,https://www.youtube.com/watch?v=6lq3znGhveo,reducing recidivism,154,client,0:16:53,"Yeah, yeah, I am.",5,,,,,,,,neutral,,
high,100,I Can't Get a Break,https://www.youtube.com/watch?v=6lq3znGhveo,reducing recidivism,155,therapist,0:16:53,"Okay. Um, he found the most valid information on blogs done by felons.",5,TRUE,information,FALSE,,FALSE,,therapist_input,,other,
high,100,I Can't Get a Break,https://www.youtube.com/watch?v=6lq3znGhveo,reducing recidivism,156,client,0:17:01,"Oh, okay.",5,,,,,,,,neutral,,
high,100,I Can't Get a Break,https://www.youtube.com/watch?v=6lq3znGhveo,reducing recidivism,157,therapist,0:17:02,They are your experts.,5,TRUE,information,FALSE,,FALSE,,therapist_input,,other,
high,100,I Can't Get a Break,https://www.youtube.com/watch?v=6lq3znGhveo,reducing recidivism,158,client,0:17:05,Very interesting.,5,,,,,,,,neutral,,
high,100,I Can't Get a Break,https://www.youtube.com/watch?v=6lq3znGhveo,reducing recidivism,159,therapist,0:17:06,"And, uh, they-they are actually, uh, uh, much what you have said, they said, but they also, uh, uh, talked about which places and companies they did find were open. For instance, family-owned businesses just tend to-- They can, if they can--",5,TRUE,information,FALSE,,FALSE,,therapist_input,,other,
high,100,I Can't Get a Break,https://www.youtube.com/watch?v=6lq3znGhveo,reducing recidivism,160,client,0:17:25,"Yeah, again, it's like who you know, right?",5,,,,,,,,neutral,,
high,100,I Can't Get a Break,https://www.youtube.com/watch?v=6lq3znGhveo,reducing recidivism,161,therapist,0:17:26,"Right, right.",5,FALSE,,FALSE,,FALSE,,other,,other,
high,100,I Can't Get a Break,https://www.youtube.com/watch?v=6lq3znGhveo,reducing recidivism,162,client,0:17:27,I know that-,5,,,,,,,,neutral,,
high,100,I Can't Get a Break,https://www.youtube.com/watch?v=6lq3znGhveo,reducing recidivism,163,therapist,0:17:28,Or start your own business. That was another thing that I thought was really--,5,TRUE,information,FALSE,,FALSE,,therapist_input,,other,
high,100,I Can't Get a Break,https://www.youtube.com/watch?v=6lq3znGhveo,reducing recidivism,164,client,0:17:31,"Yeah, well, I think that's what I got. That's what I am doing. That's what I'm sort of involved with now is like, you know, find, um, you know, I'm still continuing to go to school, but I'm also starting, um, work for myself. Um, you know, it's not no Fortune 500 company or anything, but I do have a little bit of income coming in from that.",5,,,,,,,,neutral,,
high,100,I Can't Get a Break,https://www.youtube.com/watch?v=6lq3znGhveo,reducing recidivism,165,therapist,0:17:54,Uh-huh.,5,FALSE,,FALSE,,FALSE,,other,,other,
high,100,I Can't Get a Break,https://www.youtube.com/watch?v=6lq3znGhveo,reducing recidivism,166,client,0:17:54,"Um, it-it, uh, you know, it will all come together.",5,,,,,,,,neutral,,
high,100,I Can't Get a Break,https://www.youtube.com/watch?v=6lq3znGhveo,reducing recidivism,167,therapist,0:17:57,So being an entre- being an entrepreneur fits for you.,5,FALSE,,TRUE,complex,FALSE,,reflection,,other,
high,100,I Can't Get a Break,https://www.youtube.com/watch?v=6lq3znGhveo,reducing recidivism,168,client,0:18:00,"You know what? Actually, one of the things is that I read is that is that's one of the things you gotta do is just, uh, start your own business. You know what I mean? Uh, you don't have to report to anybody. I mean, obviously, I can't work with, um-- unless I get a waiver I can't work with, like, I think the law says I can't work with kids or, um, like a hazmat stuff.",5,,,,,,,,neutral,,
high,100,I Can't Get a Break,https://www.youtube.com/watch?v=6lq3znGhveo,reducing recidivism,169,therapist,0:18:24,Mm-hmm.,5,FALSE,,FALSE,,FALSE,,other,,other,
high,100,I Can't Get a Break,https://www.youtube.com/watch?v=6lq3znGhveo,reducing recidivism,170,client,0:18:24,Like truck driving and stuff like that.,5,,,,,,,,neutral,,
high,100,I Can't Get a Break,https://www.youtube.com/watch?v=6lq3znGhveo,reducing recidivism,171,therapist,0:18:27,Mm-hmm.,5,FALSE,,FALSE,,FALSE,,other,,other,
high,100,I Can't Get a Break,https://www.youtube.com/watch?v=6lq3znGhveo,reducing recidivism,172,client,0:18:27,"Uh, but that doesn't matter to me. You know what I- you know, I'm kind of- I'm trying to look at the things that I can do.",5,,,,,,,,neutral,,
high,100,I Can't Get a Break,https://www.youtube.com/watch?v=6lq3znGhveo,reducing recidivism,173,therapist,0:18:35,"Well, that, you know, now that's a-a really different way of looking at it than how you were looking at what you can do versus what's getting in your way that you know you can't do.",5,FALSE,,TRUE,complex,FALSE,,reflection,,ref,
high,100,I Can't Get a Break,https://www.youtube.com/watch?v=6lq3znGhveo,reducing recidivism,174,client,0:18:46,Right.,5,,,,,,,,neutral,,
high,100,I Can't Get a Break,https://www.youtube.com/watch?v=6lq3znGhveo,reducing recidivism,175,therapist,0:18:47,"So, um, what kinda- what-what are you starting? What's this business? If you-you don't have to tell me if you don't want, I know it's on the up and up, but you don't have to tell me if you don't want.",5,FALSE,,TRUE,simple,TRUE,open,question,,q,
high,100,I Can't Get a Break,https://www.youtube.com/watch?v=6lq3znGhveo,reducing recidivism,176,client,0:18:58,"No, it's, um, uh, like a party planning event, you know, like a wedding planning, not like a wedding planner, but like—",5,,,,,,,,neutral,,
high,100,I Can't Get a Break,https://www.youtube.com/watch?v=6lq3znGhveo,reducing recidivism,177,therapist,0:19:08,You'd be so good at that.,5,FALSE,,TRUE,complex,FALSE,,reflection,,af,
high,100,I Can't Get a Break,https://www.youtube.com/watch?v=6lq3znGhveo,reducing recidivism,178,client,0:19:09,"Like, you know, like corporate events when they have, you know, like an event, you know, they need-",5,,,,,,,,neutral,,
high,100,I Can't Get a Break,https://www.youtube.com/watch?v=6lq3znGhveo,reducing recidivism,179,therapist,0:19:14,Uh-huh.,5,FALSE,,FALSE,,FALSE,,other,,other,
high,100,I Can't Get a Break,https://www.youtube.com/watch?v=6lq3znGhveo,reducing recidivism,180,client,0:19:15,"-you know, they need chauffeured transportation, limos, they need that type of thing. I, um, I'm involved in the planning of the transportation from airports, uh, hotel arrangements, um, uh, booking of, uh, you know, the rooms. It's just, I guess just an event planner, but it's not through any sort of corporate, um, uh, company [unintelligible 00:19:40].",5,,,,,,,,neutral,,
high,100,I Can't Get a Break,https://www.youtube.com/watch?v=6lq3znGhveo,reducing recidivism,181,therapist,0:19:41,You-you would be the corporate company.,5,FALSE,,TRUE,simple,FALSE,,reflection,,ref,
high,100,I Can't Get a Break,https://www.youtube.com/watch?v=6lq3znGhveo,reducing recidivism,182,client,0:19:43,"Yeah, yeah, yeah, I'm trying to get—",5,,,,,,,,neutral,,
high,100,I Can't Get a Break,https://www.youtube.com/watch?v=6lq3znGhveo,reducing recidivism,183,therapist,0:19:45,CEO.,5,FALSE,,TRUE,simple,FALSE,,reflection,,ref,
high,100,I Can't Get a Break,https://www.youtube.com/watch?v=6lq3znGhveo,reducing recidivism,184,client,0:19:46,Yeah.,5,,,,,,,,neutral,,
high,100,I Can't Get a Break,https://www.youtube.com/watch?v=6lq3znGhveo,reducing recidivism,185,therapist,0:19:47,[laughter],5,FALSE,,FALSE,,FALSE,,other,,other,
high,100,I Can't Get a Break,https://www.youtube.com/watch?v=6lq3znGhveo,reducing recidivism,186,client,0:19:48,"I don't know about that, but, you know.",5,,,,,,,,neutral,,
high,100,I Can't Get a Break,https://www.youtube.com/watch?v=6lq3znGhveo,reducing recidivism,187,therapist,0:19:51,"So. Yeah, I- I've heard that-that in recession, uh, those are often the best opportunities for people to start doing business is to, um, see an area where you see a need go in and fill it.",5,TRUE,information,FALSE,,FALSE,,therapist_input,,other,
high,100,I Can't Get a Break,https://www.youtube.com/watch?v=6lq3znGhveo,reducing recidivism,188,client,0:20:09,"Yeah, I think that's my only, uh, uh, I know it's not my only-",5,,,,,,,,neutral,,
high,100,I Can't Get a Break,https://www.youtube.com/watch?v=6lq3znGhveo,reducing recidivism,189,therapist,0:20:15,One.,5,FALSE,,FALSE,,FALSE,,other,,other,
high,100,I Can't Get a Break,https://www.youtube.com/watch?v=6lq3znGhveo,reducing recidivism,190,client,0:20:16,"-but it's-it's- it's a good, It's a good opportunity to, um, kind of work for myself. I would love to just be able to work for myself, you know? Um.",5,,,,,,,,neutral,,
high,100,I Can't Get a Break,https://www.youtube.com/watch?v=6lq3znGhveo,reducing recidivism,191,therapist,0:20:27,You're comfortable with that?,5,FALSE,,FALSE,,TRUE,closed,question,,q,
high,100,I Can't Get a Break,https://www.youtube.com/watch?v=6lq3znGhveo,reducing recidivism,192,client,0:20:28,"I am, I am comfortable with it and I do well. I do well at-at, you know, the few opportunities I've had to organize something like that. Um, it's okay. You know, um, at least I'm still going to school though, you know I'm going to be done with that.",5,,,,,,,,neutral,,
high,100,I Can't Get a Break,https://www.youtube.com/watch?v=6lq3znGhveo,reducing recidivism,193,therapist,0:20:44,I know. That's fantastic. It is.,5,FALSE,,TRUE,simple,FALSE,,reflection,,af,
high,100,I Can't Get a Break,https://www.youtube.com/watch?v=6lq3znGhveo,reducing recidivism,194,client,0:20:47,"I don't want to act out, you know, I mean, I'm, you know, I think I have-",5,,,,,,,,change,,
high,100,I Can't Get a Break,https://www.youtube.com/watch?v=6lq3znGhveo,reducing recidivism,195,therapist,0:20:53,Acting out would be what?,5,FALSE,,FALSE,,TRUE,open,question,,q,
high,100,I Can't Get a Break,https://www.youtube.com/watch?v=6lq3znGhveo,reducing recidivism,196,client,0:20:55,"Well, you know, I dunno, um, going back to a lifestyle, you know, crime or, um, using, or you know, just destructive behavior-",5,,,,,,,,neutral,,
high,100,I Can't Get a Break,https://www.youtube.com/watch?v=6lq3znGhveo,reducing recidivism,197,therapist,0:21:05,Okay. Gottcha.,5,FALSE,,FALSE,,FALSE,,other,,other,
high,100,I Can't Get a Break,https://www.youtube.com/watch?v=6lq3znGhveo,reducing recidivism,198,client,0:21:06,"-and sort of destructive behavior. I don't wanna be destructive. I wanna be productive, you know.",5,,,,,,,,change,,
high,100,I Can't Get a Break,https://www.youtube.com/watch?v=6lq3znGhveo,reducing recidivism,199,therapist,0:21:10,Like you are now.,5,FALSE,,TRUE,simple,FALSE,,reflection,,ref,
high,100,I Can't Get a Break,https://www.youtube.com/watch?v=6lq3znGhveo,reducing recidivism,200,client,0:21:11,"Like I am now, but it's-it's starting to get-- Like I said, I mean, I wouldn't have come in here if things were just peachy keen, you know what I mean? It sucks. And I'm getting sick of, you know, rejection and it's like almost, it makes me think like, why am I even going to school? You know? Should I just drop out and just, you know, get jobs that are, you know, I mean, that's not enough, that's not a viable option for me either.You know, I just, I don't, I wanna make sure that I'm centered here so that I can go out there and do the best I can with maintaining composure, and then trying to get ahead. But if I'm not okay here, here, you know, I just, I don't think that I have, I don't stand a chance, you know?",5,,,,,,,,change,,
high,100,I Can't Get a Break,https://www.youtube.com/watch?v=6lq3znGhveo,reducing recidivism,201,therapist,0:21:55,"So the-the-the law of, um, felony convictions is-is something that you don't have any control over. I mean, nobody does. So, um, you know, and I'm thinking about how you were talking about getting all the way through the interview and then getting rejected, you know, versus being upfront about it and-and even on the telephone to see whether it's a deal breaker or not, because it must- it sounds like it's so much harder to have that good interview and walk out of there ad know you've done well, and then get turned down.",5,FALSE,,TRUE,simple,FALSE,,reflection,,other,
high,100,I Can't Get a Break,https://www.youtube.com/watch?v=6lq3znGhveo,reducing recidivism,202,client,0:22:36,"Yeah. I mean, I just recently had one of those where I was gonna be offered. I- he-- I think he was-- I'm pretty sure he was offering him a really good job.",5,,,,,,,,neutral,,
high,100,I Can't Get a Break,https://www.youtube.com/watch?v=6lq3znGhveo,reducing recidivism,203,therapist,0:22:45,Mm-hmm.,5,FALSE,,FALSE,,FALSE,,other,,other,
high,100,I Can't Get a Break,https://www.youtube.com/watch?v=6lq3znGhveo,reducing recidivism,204,client,0:22:46,"And, uh, it was an interview given to me by my brother, you know, who knew the guy. And, um, it went great until he gave me the paperwork to sign for a background check. And I said, well, you know, I'll sign it, but I just wanna let you know that this is what you're gonna find.",5,,,,,,,,neutral,,
high,100,I Can't Get a Break,https://www.youtube.com/watch?v=6lq3znGhveo,reducing recidivism,205,therapist,0:23:05,"And your brother didn't know that when he gave you the lead on the job, that there was a background check involved?",5,FALSE,,FALSE,,TRUE,closed,question,,q,
high,100,I Can't Get a Break,https://www.youtube.com/watch?v=6lq3znGhveo,reducing recidivism,206,client,0:23:14,"No, he did. He said, you know, don't say anything until, you know-- I don't know if I know what he said. I think he said that he's not sure if they do.",5,,,,,,,,neutral,,
high,100,I Can't Get a Break,https://www.youtube.com/watch?v=6lq3znGhveo,reducing recidivism,207,therapist,0:23:24,Okay.,5,FALSE,,FALSE,,FALSE,,other,,other,
high,100,I Can't Get a Break,https://www.youtube.com/watch?v=6lq3znGhveo,reducing recidivism,208,client,0:23:25,"He said, just go ahead and give it a shot anyway, you know, and, um, I just, I figured I'd just give her a shot, but I think I like your, I think to spare myself some, uh, frustration and further agony-",5,,,,,,,,neutral,,
high,100,I Can't Get a Break,https://www.youtube.com/watch?v=6lq3znGhveo,reducing recidivism,209,therapist,0:23:40,Mm-hmm.,5,FALSE,,FALSE,,FALSE,,other,,other,
high,100,I Can't Get a Break,https://www.youtube.com/watch?v=6lq3znGhveo,reducing recidivism,210,client,0:23:41,"-I think that I might try that. I think I might try, you know, from now on you know, uh, finding like a tactful way of asking, you know, I don't wanna be blunt about it and go you know, ""Do you hire criminals?"" or anything.",5,,,,,,,,neutral,,
high,100,I Can't Get a Break,https://www.youtube.com/watch?v=6lq3znGhveo,reducing recidivism,211,therapist,0:23:54,You're not a criminal.,5,FALSE,,TRUE,complex,FALSE,,reflection,,other,
high,100,I Can't Get a Break,https://www.youtube.com/watch?v=6lq3znGhveo,reducing recidivism,212,client,0:23:56,I'm a former criminal though.,5,,,,,,,,neutral,,
high,100,I Can't Get a Break,https://www.youtube.com/watch?v=6lq3znGhveo,reducing recidivism,213,therapist,0:23:57,That's right. You're rehabilitated.,5,FALSE,,TRUE,complex,FALSE,,reflection,,other,
high,100,I Can't Get a Break,https://www.youtube.com/watch?v=6lq3znGhveo,reducing recidivism,214,client,0:24:00,Yeah.,5,,,,,,,,neutral,,
high,100,I Can't Get a Break,https://www.youtube.com/watch?v=6lq3znGhveo,reducing recidivism,215,therapist,0:24:00,A plus shining new guy.,5,FALSE,,TRUE,simple,FALSE,,reflection,,other,
high,100,I Can't Get a Break,https://www.youtube.com/watch?v=6lq3znGhveo,reducing recidivism,216,client,0:24:04,"Right. So, I know that I am a new guy, but, uh, they don't, you know, so I think society's a lot less forgiving.",5,,,,,,,,neutral,,
high,100,I Can't Get a Break,https://www.youtube.com/watch?v=6lq3znGhveo,reducing recidivism,217,therapist,0:24:12,"Oh, I think so, too.",5,FALSE,,FALSE,,FALSE,,other,,other,
high,100,I Can't Get a Break,https://www.youtube.com/watch?v=6lq3znGhveo,reducing recidivism,218,client,0:24:13,"And individuals, and um, so I think I'm gonna try-- I think that's a really good idea is to kind of like weed out, you know, but how do you say that? You know. How-how do you possibly tell somebody, you know, how do you- how do you get that out there before you go in?",5,,,,,,,,neutral,,
high,100,I Can't Get a Break,https://www.youtube.com/watch?v=6lq3znGhveo,reducing recidivism,219,therapist,0:24:31,"I guess I would just have a tendency to say it. I'm a recovering person, and back in my former life, I have a felony conviction. And before we go any further, I don't wanna waste your time. Uh, would that be a problem in even getting the interview, what would you think about saying something like that?",5,TRUE,advice,FALSE,,FALSE,,therapist_input,,other,
high,100,I Can't Get a Break,https://www.youtube.com/watch?v=6lq3znGhveo,reducing recidivism,220,client,0:24:57,"Hmm. Seems, uh, sort of forward, you know, but I-I think that it's probably better if I do tell them so I don't waste my time and hope.",5,,,,,,,,neutral,,
high,100,I Can't Get a Break,https://www.youtube.com/watch?v=6lq3znGhveo,reducing recidivism,221,therapist,0:25:14,"Mm-hmm, mm-hmm.",5,FALSE,,FALSE,,FALSE,,other,,other,
high,100,I Can't Get a Break,https://www.youtube.com/watch?v=6lq3znGhveo,reducing recidivism,222,client,0:25:15,"You know, yeah. I think I'm gonna try that from now on.",5,,,,,,,,neutral,,
high,100,I Can't Get a Break,https://www.youtube.com/watch?v=6lq3znGhveo,reducing recidivism,223,therapist,0:25:17,"Okay. I mean, I'd be happy if you wanna work on a few, you know, things, uh, to write down that sound comfy and fit, you know, how you talk and you use words and stuff. 'Cause I-I also think, you know, interviewing is a good schoo- a good skill, and the more you do it, the better you get at it. And you've been getting a lot of practice at it. So that's-that's been useful too.",5,TRUE,options,TRUE,simple,FALSE,,therapist_input,,other,
high,100,I Can't Get a Break,https://www.youtube.com/watch?v=6lq3znGhveo,reducing recidivism,224,client,0:25:42,Yeah.,5,,,,,,,,neutral,,
high,100,I Can't Get a Break,https://www.youtube.com/watch?v=6lq3znGhveo,reducing recidivism,225,therapist,0:25:42,"I mean, even-even though you get turned down, that feels terrible. The actual and, I bet you with every single one, you get better at it.",5,TRUE,information,TRUE,simple,FALSE,,therapist_input,,other,
high,100,I Can't Get a Break,https://www.youtube.com/watch?v=6lq3znGhveo,reducing recidivism,226,client,0:25:53,Yeah. I mean the interview process-,5,,,,,,,,neutral,,
high,100,I Can't Get a Break,https://www.youtube.com/watch?v=6lq3znGhveo,reducing recidivism,227,therapist,0:25:54,"Uh-huh, uh-huh.",5,FALSE,,FALSE,,FALSE,,other,,other,
high,100,I Can't Get a Break,https://www.youtube.com/watch?v=6lq3znGhveo,reducing recidivism,228,client,0:25:54,"-itself, no, I don't think I ever- yeah. No, I-I mean, I don't believe that I have a problem with the actual interview process.",5,,,,,,,,neutral,,
high,100,I Can't Get a Break,https://www.youtube.com/watch?v=6lq3znGhveo,reducing recidivism,229,therapist,0:26:01,Yeah. I bet you're even better now.,5,TRUE,information,TRUE,simple,FALSE,,therapist_input,,other,
high,100,I Can't Get a Break,https://www.youtube.com/watch?v=6lq3znGhveo,reducing recidivism,230,client,0:26:03,Yeah. It's been a lot.,5,,,,,,,,neutral,,
high,100,I Can't Get a Break,https://www.youtube.com/watch?v=6lq3znGhveo,reducing recidivism,231,therapist,0:26:05,You got lots of practice.,5,FALSE,,TRUE,simple,FALSE,,reflection,,ref,
high,100,I Can't Get a Break,https://www.youtube.com/watch?v=6lq3znGhveo,reducing recidivism,232,client,0:26:06,"Been a lot, yeah.",5,,,,,,,,neutral,,
high,100,I Can't Get a Break,https://www.youtube.com/watch?v=6lq3znGhveo,reducing recidivism,233,therapist,0:26:06,"Yeah. Well then lastly, just getting back, um, to this, another source that that same client was an advocacy group called the John Howard Society.",5,TRUE,information,FALSE,,FALSE,,therapist_input,,other,
high,100,I Can't Get a Break,https://www.youtube.com/watch?v=6lq3znGhveo,reducing recidivism,234,client,0:26:16,Mm-hmm.,5,,,,,,,,neutral,,
high,100,I Can't Get a Break,https://www.youtube.com/watch?v=6lq3znGhveo,reducing recidivism,235,therapist,0:26:17,I don't know if you've ever-,5,FALSE,,FALSE,,FALSE,,other,,other,
high,100,I Can't Get a Break,https://www.youtube.com/watch?v=6lq3znGhveo,reducing recidivism,236,client,0:26:17,I have heard of it. I haven't-,5,,,,,,,,neutral,,
high,100,I Can't Get a Break,https://www.youtube.com/watch?v=6lq3znGhveo,reducing recidivism,237,therapist,0:26:18,Yeah.,5,FALSE,,FALSE,,FALSE,,other,,other,
high,100,I Can't Get a Break,https://www.youtube.com/watch?v=6lq3znGhveo,reducing recidivism,238,client,0:26:18,"-looked into it yet, but-",5,,,,,,,,neutral,,
high,100,I Can't Get a Break,https://www.youtube.com/watch?v=6lq3znGhveo,reducing recidivism,239,therapist,0:26:19,"Uh, he, yeah, uh, he- they have a lot of, uh, they have a lot of really good stuff on there about this because they're trying to change the laws about that because-",5,TRUE,information,FALSE,,FALSE,,therapist_input,,other,
high,100,I Can't Get a Break,https://www.youtube.com/watch?v=6lq3znGhveo,reducing recidivism,240,client,0:26:29,Yeah.,5,,,,,,,,neutral,,
high,100,I Can't Get a Break,https://www.youtube.com/watch?v=6lq3znGhveo,reducing recidivism,241,therapist,0:26:30,"-they are so, um, they are so prejudicial. They really are. And I would check with the ACLU too. I mean, just as I-I don't know much, and now I'm very curious and I wanna find out about it myself, but yeah.",5,TRUE,information,FALSE,,FALSE,,therapist_input,,other,
high,100,I Can't Get a Break,https://www.youtube.com/watch?v=6lq3znGhveo,reducing recidivism,242,client,0:26:45,Yeah. I know. I-I've done some research on it for school.,5,,,,,,,,neutral,,
high,100,I Can't Get a Break,https://www.youtube.com/watch?v=6lq3znGhveo,reducing recidivism,243,therapist,0:26:47,Mm-hmm.,5,FALSE,,FALSE,,FALSE,,other,,other,
high,100,I Can't Get a Break,https://www.youtube.com/watch?v=6lq3znGhveo,reducing recidivism,244,client,0:26:48,"And, uh, it turns out it's a big cause of the recidivism rate. You know-",5,,,,,,,,neutral,,
high,100,I Can't Get a Break,https://www.youtube.com/watch?v=6lq3znGhveo,reducing recidivism,245,therapist,0:26:53,"Oh, absolutely.",5,FALSE,,FALSE,,FALSE,,other,,other,
high,100,I Can't Get a Break,https://www.youtube.com/watch?v=6lq3znGhveo,reducing recidivism,246,client,0:26:54,-as far as people going back-,5,,,,,,,,neutral,,
high,100,I Can't Get a Break,https://www.youtube.com/watch?v=6lq3znGhveo,reducing recidivism,247,therapist,0:26:54,Absolutely.,5,FALSE,,FALSE,,FALSE,,other,,other,
high,100,I Can't Get a Break,https://www.youtube.com/watch?v=6lq3znGhveo,reducing recidivism,248,client,0:26:55,"-to what they know, and, uh, and it's, uh, there is prejud- uh, prejudicial motivation, uh, and there is—",5,,,,,,,,neutral,,
high,100,I Can't Get a Break,https://www.youtube.com/watch?v=6lq3znGhveo,reducing recidivism,249,therapist,0:27:01,You're not allowed to vote.,5,TRUE,information,FALSE,,FALSE,,therapist_input,,other,
high,100,I Can't Get a Break,https://www.youtube.com/watch?v=6lq3znGhveo,reducing recidivism,250,client,0:27:02,It's really frustrating. I know.,5,,,,,,,,neutral,,
high,100,I Can't Get a Break,https://www.youtube.com/watch?v=6lq3znGhveo,reducing recidivism,251,therapist,0:27:03,And you're not allowed to vote.,5,TRUE,information,FALSE,,FALSE,,therapist_input,,other,
high,100,I Can't Get a Break,https://www.youtube.com/watch?v=6lq3znGhveo,reducing recidivism,252,client,0:27:05,I think that- I think- I think ignorance is what really—,5,,,,,,,,neutral,,
high,100,I Can't Get a Break,https://www.youtube.com/watch?v=6lq3znGhveo,reducing recidivism,253,therapist,0:27:09,That shocked me when I found that out.,5,TRUE,information,FALSE,,FALSE,,therapist_input,,other,
high,100,I Can't Get a Break,https://www.youtube.com/watch?v=6lq3znGhveo,reducing recidivism,254,client,0:27:11,Yeah.,5,,,,,,,,neutral,,
high,100,I Can't Get a Break,https://www.youtube.com/watch?v=6lq3znGhveo,reducing recidivism,255,therapist,0:27:11,I couldn't believe that.,5,TRUE,information,FALSE,,FALSE,,therapist_input,,other,
high,100,I Can't Get a Break,https://www.youtube.com/watch?v=6lq3znGhveo,reducing recidivism,256,client,0:27:13,Yeah.,5,,,,,,,,neutral,,
high,100,I Can't Get a Break,https://www.youtube.com/watch?v=6lq3znGhveo,reducing recidivism,257,therapist,0:27:12,"Do you know how many millions of people and when you think about that racially, um, hmm.",5,TRUE,information,FALSE,,FALSE,,therapist_input,,other,
high,100,I Can't Get a Break,https://www.youtube.com/watch?v=6lq3znGhveo,reducing recidivism,258,client,0:27:18,"Yeah, exactly.",5,,,,,,,,neutral,,
high,100,I Can't Get a Break,https://www.youtube.com/watch?v=6lq3znGhveo,reducing recidivism,259,therapist,0:27:19,"Yeah, mm-hmm.",5,FALSE,,FALSE,,FALSE,,other,,other,
high,100,I Can't Get a Break,https://www.youtube.com/watch?v=6lq3znGhveo,reducing recidivism,260,client,0:27:20,"You know, I know there's-there's just a lot of- a lot of bullshit.",5,,,,,,,,neutral,,
high,100,I Can't Get a Break,https://www.youtube.com/watch?v=6lq3znGhveo,reducing recidivism,261,therapist,0:27:24,Mm-hmm.,5,FALSE,,FALSE,,FALSE,,other,,other,
high,100,I Can't Get a Break,https://www.youtube.com/watch?v=6lq3znGhveo,reducing recidivism,262,client,0:27:25,Yeah.,5,,,,,,,,neutral,,
high,100,I Can't Get a Break,https://www.youtube.com/watch?v=6lq3znGhveo,reducing recidivism,263,therapist,0:27:25,"That's a great word for it there. Yeah. So, um-",5,FALSE,,TRUE,simple,FALSE,,reflection,,af,
high,100,I Can't Get a Break,https://www.youtube.com/watch?v=6lq3znGhveo,reducing recidivism,264,client,0:27:30,"Yeah, to figure out [unintelligible 00:27:30] anyway, you know.",5,,,,,,,,neutral,,
high,100,I Can't Get a Break,https://www.youtube.com/watch?v=6lq3znGhveo,reducing recidivism,265,therapist,0:27:32,"Yeah. So-so maybe you- if you- if you wanted to, and this is really up to you, you could check out the blogs, you know. Um, I can see if I can track him down and stuff and the John Howard Society. And, um, I'd be really interested if-if you wanna get together to see what you have found out.",5,TRUE,options,FALSE,,FALSE,,therapist_input,,sum,
high,100,I Can't Get a Break,https://www.youtube.com/watch?v=6lq3znGhveo,reducing recidivism,266,client,0:27:50,"Yeah. I-I, you know, I, you know, like I said, I wanna make sure I come back and, um, kind of get my, um, you know, my overall mental health-",5,,,,,,,,neutral,,
high,100,I Can't Get a Break,https://www.youtube.com/watch?v=6lq3znGhveo,reducing recidivism,267,therapist,0:28:01,"Mm-hmm, mm-hmm.",5,FALSE,,FALSE,,FALSE,,other,,other,
high,100,I Can't Get a Break,https://www.youtube.com/watch?v=6lq3znGhveo,reducing recidivism,268,client,0:28:01,"-you know, um, I wouldn't say stable because I'm not that unstable. I just—",5,,,,,,,,neutral,,
high,100,I Can't Get a Break,https://www.youtube.com/watch?v=6lq3znGhveo,reducing recidivism,269,therapist,0:28:08,But this has affected it.,5,FALSE,,TRUE,complex,FALSE,,reflection,,ref,
high,100,I Can't Get a Break,https://www.youtube.com/watch?v=6lq3znGhveo,reducing recidivism,270,client,0:28:09,It has affected it.,5,,,,,,,,neutral,,
high,100,I Can't Get a Break,https://www.youtube.com/watch?v=6lq3znGhveo,reducing recidivism,271,therapist,0:28:10,"Rejection-rejection, yeah.",5,FALSE,,TRUE,complex,FALSE,,reflection,,ref,
high,100,I Can't Get a Break,https://www.youtube.com/watch?v=6lq3znGhveo,reducing recidivism,272,client,0:28:11,"Yeah, rejection. Yeah.",5,,,,,,,,neutral,,
high,100,I Can't Get a Break,https://www.youtube.com/watch?v=6lq3znGhveo,reducing recidivism,273,therapist,0:28:12,Yeah.,5,FALSE,,FALSE,,FALSE,,other,,other,
high,100,I Can't Get a Break,https://www.youtube.com/watch?v=6lq3znGhveo,reducing recidivism,274,client,0:28:12,"So, I just wanna make sure that I'm okay. So-",5,,,,,,,,neutral,,
high,100,I Can't Get a Break,https://www.youtube.com/watch?v=6lq3znGhveo,reducing recidivism,275,therapist,0:28:15,Yeah.,5,FALSE,,FALSE,,FALSE,,other,,other,
high,100,I Can't Get a Break,https://www.youtube.com/watch?v=6lq3znGhveo,reducing recidivism,276,client,0:28:15,"-I'll be back and we can, you know, we can discuss it further if you have any information and I'll share whatever I've got.",5,,,,,,,,neutral,,
high,100,I Can't Get a Break,https://www.youtube.com/watch?v=6lq3znGhveo,reducing recidivism,277,therapist,0:28:20,I'll do some checking around for you. I will. Yeah.,5,FALSE,,TRUE,simple,FALSE,,reflection,,other,
high,100,I Can't Get a Break,https://www.youtube.com/watch?v=6lq3znGhveo,reducing recidivism,278,client,0:28:24,"Well, thanks for the suggestions. Yeah.",5,,,,,,,,neutral,,
high,100,I Can't Get a Break,https://www.youtube.com/watch?v=6lq3znGhveo,reducing recidivism,279,therapist,0:28:25,"Oh, you are welcome. Thanks for being so open with me. I appreciate it.",5,FALSE,,TRUE,complex,FALSE,,reflection,,other,
high,100,I Can't Get a Break,https://www.youtube.com/watch?v=6lq3znGhveo,reducing recidivism,280,client,0:28:29,No problem.,5,,,,,,,,neutral,,
high,100,I Can't Get a Break,https://www.youtube.com/watch?v=6lq3znGhveo,reducing recidivism,281,therapist,0:28:29,Yeah. Okay.,5,FALSE,,FALSE,,FALSE,,other,,other,
high,100,I Can't Get a Break,https://www.youtube.com/watch?v=6lq3znGhveo,reducing recidivism,282,client,0:28:30,Thank you.,5,,,,,,,,neutral,,